date,gold_kzt,gold_kzt_variability
10-10-2025,70350.54,
09-10-2025,70056.7,-0.42
08-10-2025,68998.73,-1.51
07-10-2025,69156.38,0.23
06-10-2025,67966.79,-1.72
03-10-2025,68186.51,0.32
02-10-2025,68611.36,0.62
01-10-2025,67195.84,-2.06
30-09-2025,67273.96,0.12
29-09-2025,65597.0,-2.49
26-09-2025,65349.61,-0.38
25-09-2025,65757.84,0.62
24-09-2025,66382.16,0.95
23-09-2025,64925.56,-2.19
22-09-2025,63645.36,-1.97
19-09-2025,63917.1,0.43
18-09-2025,63830.3,-0.14
17-09-2025,64102.68,0.43
16-09-2025,63302.28,-1.25
15-09-2025,63386.84,0.13
12-09-2025,62683.57,-1.11
11-09-2025,63095.6,0.66
10-09-2025,63059.66,-0.06
09-09-2025,62118.04,-1.49
08-09-2025,61370.23,-1.2
05-09-2025,61455.51,0.14
04-09-2025,61426.02,-0.05
03-09-2025,60332.64,-1.78
02-09-2025,60060.41,-0.45
29-08-2025,58746.74,-2.19
28-08-2025,58456.84,-0.49
27-08-2025,57893.53,-0.96
26-08-2025,57356.58,-0.93
25-08-2025,57501.05,0.25
22-08-2025,57740.29,0.42
21-08-2025,57888.24,0.26
20-08-2025,57797.17,-0.16
19-08-2025,58133.79,0.58
18-08-2025,58156.15,0.04
15-08-2025,58064.42,-0.16
14-08-2025,58149.4,0.15
13-08-2025,58364.63,0.37
12-08-2025,58588.52,0.38
11-08-2025,58922.72,0.57
08-08-2025,58543.93,-0.64
07-08-2025,58011.44,-0.91
06-08-2025,58123.66,0.19
05-08-2025,58514.37,0.67
04-08-2025,57547.31,-1.65
01-08-2025,57493.61,-0.09
31-07-2025,58524.25,1.79
30-07-2025,57943.67,-0.99
29-07-2025,58111.46,0.29
28-07-2025,58625.66,0.88
24-07-2025,59402.23,1.32
23-07-2025,57903.62,-2.52
22-07-2025,57237.81,-1.15
21-07-2025,57499.92,0.46
18-07-2025,57024.21,-0.83
17-07-2025,56527.25,-0.87
16-07-2025,56799.45,0.48
15-07-2025,56691.65,-0.19
14-07-2025,55873.13,-1.44
11-07-2025,55428.68,-0.8
10-07-2025,54862.01,-1.02
09-07-2025,55497.8,1.16
08-07-2025,55218.91,-0.5
04-07-2025,55960.29,1.34
03-07-2025,55639.38,-0.57
02-07-2025,55815.77,0.32
01-07-2025,54752.41,-1.91
30-06-2025,54982.01,0.42
27-06-2025,55664.49,1.24
26-06-2025,55384.95,-0.5
25-06-2025,55417.71,0.06
24-06-2025,56598.05,2.13
23-06-2025,56262.06,-0.59
20-06-2025,56299.73,0.07
19-06-2025,56401.35,0.18
18-06-2025,56240.19,-0.29
17-06-2025,56301.14,0.11
16-06-2025,56291.74,-0.02
13-06-2025,55292.13,-1.78
12-06-2025,54498.32,-1.44
11-06-2025,54394.04,-0.19
10-06-2025,54241.57,-0.28
09-06-2025,55049.25,1.49
05-06-2025,55324.92,0.5
04-06-2025,55290.74,-0.06
03-06-2025,54996.55,-0.53
02-06-2025,54089.72,-1.65
30-05-2025,53685.72,-0.75
29-05-2025,54748.77,1.98
28-05-2025,54268.9,-0.88
27-05-2025,54714.6,0.82
26-05-2025,54693.19,-0.04
23-05-2025,53895.03,-1.46
22-05-2025,54340.57,0.83
21-05-2025,53266.03,-1.98
20-05-2025,53191.54,-0.14
19-05-2025,52584.24,-1.14
16-05-2025,52059.39,-1.0
15-05-2025,52583.81,1.01
14-05-2025,53363.37,1.48
13-05-2025,53228.09,-0.25
12-05-2025,55152.98,3.62
08-05-2025,55840.17,1.25
06-05-2025,54398.72,-2.58
05-05-2025,54150.08,-0.46
02-05-2025,53134.92,-1.87
30-04-2025,54602.1,2.76
29-04-2025,54147.55,-0.83
28-04-2025,54632.61,0.9
25-04-2025,55385.64,1.38
24-04-2025,55542.01,0.28
23-04-2025,57542.65,3.6
22-04-2025,55741.3,-3.13
21-04-2025,55780.85,0.07
18-04-2025,55919.79,0.25
17-04-2025,55421.66,-0.89
16-04-2025,53635.47,-3.22
15-04-2025,53658.73,0.04
14-04-2025,53205.9,-0.84
11-04-2025,51456.75,-3.29
10-04-2025,50949.46,-0.99
09-04-2025,50062.25,-1.74
08-04-2025,50410.43,0.7
07-04-2025,50108.93,-0.6
04-04-2025,50444.08,0.67
03-04-2025,50575.13,0.26
02-04-2025,50657.17,0.16
01-04-2025,50603.79,-0.11
31-03-2025,49695.43,-1.8
28-03-2025,48885.52,-1.63
27-03-2025,48753.22,-0.27
26-03-2025,48844.23,0.19
20-03-2025,48803.9,-0.08
19-03-2025,48226.19,-1.18
18-03-2025,48071.75,-0.32
17-03-2025,48720.41,1.35
14-03-2025,46889.49,-3.76
13-03-2025,45820.84,-2.28
12-03-2025,45760.41,-0.13
11-03-2025,46170.89,0.9
07-03-2025,46267.28,0.21
06-03-2025,46594.49,0.71
05-03-2025,46780.72,0.4
04-03-2025,46026.12,-1.61
03-03-2025,45926.32,-0.22
28-02-2025,46622.88,1.52
27-02-2025,46956.31,0.72
26-02-2025,47170.64,0.46
25-02-2025,47544.47,0.79
24-02-2025,47328.68,-0.45
21-02-2025,47448.59,0.25
20-02-2025,47674.07,0.48
19-02-2025,46563.52,-2.33
18-02-2025,46473.17,-0.19
17-02-2025,46784.4,0.67
14-02-2025,46700.25,-0.18
13-02-2025,46472.37,-0.49
12-02-2025,47329.63,1.84
11-02-2025,47523.6,0.41
10-02-2025,47109.59,-0.87
07-02-2025,47403.22,0.62
06-02-2025,47672.95,0.57
05-02-2025,47056.59,-1.29
04-02-2025,46857.42,-0.42
03-02-2025,46502.45,-0.76
31-01-2025,46381.88,-0.26
30-01-2025,45853.26,-1.14
29-01-2025,45528.86,-0.71
28-01-2025,45974.1,0.98
27-01-2025,46135.05,0.35
24-01-2025,46142.5,0.02
23-01-2025,46226.01,0.18
22-01-2025,46160.63,-0.14
21-01-2025,46134.65,-0.06
20-01-2025,46105.06,-0.06
17-01-2025,46104.2,-0.0
16-01-2025,45753.47,-0.76
15-01-2025,45455.75,-0.65
14-01-2025,45536.0,0.18
13-01-2025,45382.74,-0.34
10-01-2025,44984.27,-0.88
09-01-2025,44978.2,-0.01
08-01-2025,44830.75,-0.33
06-01-2025,44897.03,0.15
05-01-2025,44811.69,-0.19
31-12-2024,43937.1,-1.95
30-12-2024,44047.75,0.25
27-12-2024,43298.53,-1.7
26-12-2024,43271.63,-0.06
25-12-2024,43352.31,0.19
24-12-2024,44124.79,1.78
23-12-2024,43894.06,-0.52
20-12-2024,44162.7,0.61
19-12-2024,44500.08,0.76
18-12-2024,44559.07,0.13
17-12-2024,44699.82,0.32
13-12-2024,45620.9,2.06
12-12-2024,44830.77,-1.73
11-12-2024,43619.63,-2.7
10-12-2024,43554.49,-0.15
09-12-2024,43624.54,0.16
06-12-2024,44685.57,2.43
05-12-2024,44474.92,-0.47
04-12-2024,44495.6,0.05
03-12-2024,44478.91,-0.04
02-12-2024,43790.71,-1.55
29-11-2024,43647.96,-0.33
28-11-2024,42525.87,-2.57
27-11-2024,42160.43,-0.86
26-11-2024,42799.75,1.52
25-11-2024,43359.55,1.31
22-11-2024,42476.1,-2.04
21-11-2024,41781.61,-1.64
20-11-2024,42141.67,0.86
19-11-2024,41461.12,-1.61
18-11-2024,40926.45,-1.29
15-11-2024,40463.39,-1.13
14-11-2024,41295.73,2.06
13-11-2024,41226.64,-0.17
12-11-2024,42299.02,2.6
11-11-2024,42449.91,0.36
08-11-2024,42206.71,-0.57
07-11-2024,43135.76,2.2
06-11-2024,43049.92,-0.2
05-11-2024,43130.45,0.19
04-11-2024,43114.44,-0.04
01-11-2024,43630.81,1.2
31-10-2024,43719.24,0.2
30-10-2024,43460.0,-0.59
29-10-2024,42822.11,-1.47
28-10-2024,42411.19,-0.96
24-10-2024,42608.72,0.47
23-10-2024,42553.36,-0.13
22-10-2024,42344.39,-0.49
21-10-2024,42285.77,-0.14
18-10-2024,41958.27,-0.77
17-10-2024,42118.73,0.38
16-10-2024,41578.86,-1.28
15-10-2024,41386.0,-0.46
14-10-2024,41320.75,-0.16
11-10-2024,41302.49,-0.04
10-10-2024,41157.42,-0.35
09-10-2024,41281.0,0.3
08-10-2024,41292.99,0.03
07-10-2024,41168.7,-0.3
04-10-2024,41046.27,-0.3
03-10-2024,41250.18,0.5
02-10-2024,40887.37,-0.88
01-10-2024,40999.46,0.27
30-09-2024,40992.7,-0.02
27-09-2024,41062.14,0.17
26-09-2024,40797.4,-0.64
26-09-2024,40797.4,0.0
25-09-2024,40540.22,-0.63
24-09-2024,40432.41,-0.27
23-09-2024,40144.06,-0.71
20-09-2024,39889.95,-0.63
19-09-2024,39549.82,-0.85
18-09-2024,39798.21,0.63
17-09-2024,39981.2,0.46
16-09-2024,39630.74,-0.88
13-09-2024,38604.09,-2.59
12-09-2024,38725.89,0.32
11-09-2024,38412.01,-0.81
10-09-2024,38440.1,0.07
09-09-2024,38898.57,1.19
06-09-2024,39078.83,0.46
05-09-2024,38470.61,-1.56
04-09-2024,38851.57,0.99
03-09-2024,38815.28,-0.09
02-09-2024,39085.87,0.7
29-08-2024,38826.71,-0.66
28-08-2024,38787.47,-0.1
27-08-2024,38878.94,0.24
26-08-2024,38809.0,-0.18
23-08-2024,38585.5,-0.58
22-08-2024,38352.28,-0.6
21-08-2024,38654.85,0.79
20-08-2024,38480.39,-0.45
19-08-2024,37910.5,-1.48
16-08-2024,37792.8,-0.31
15-08-2024,38135.28,0.91
14-08-2024,37927.79,-0.54
13-08-2024,37611.2,-0.83
12-08-2024,37168.92,-1.18
09-08-2024,36760.22,-1.1
08-08-2024,36590.36,-0.46
07-08-2024,37209.46,1.69
06-08-2024,37151.41,-0.16
05-08-2024,37560.84,1.1
02-08-2024,37148.39,-1.1
01-08-2024,36869.49,-0.75
31-07-2024,36514.57,-0.96
30-07-2024,36399.69,-0.31
29-07-2024,36250.21,-0.41
26-07-2024,36191.45,-0.16
25-07-2024,36753.87,1.55
24-07-2024,36535.82,-0.59
23-07-2024,36530.4,-0.01
22-07-2024,37171.2,1.75
19-07-2024,37835.29,1.79
18-07-2024,37712.71,-0.32
17-07-2024,37222.99,-1.3
16-07-2024,36587.3,-1.71
15-07-2024,36717.55,0.36
12-07-2024,36343.92,-1.02
11-07-2024,36503.48,0.44
10-07-2024,36515.89,0.03
09-07-2024,36315.74,-0.55
05-07-2024,36027.78,-0.79
04-07-2024,35591.48,-1.21
03-07-2024,35330.2,-0.73
02-07-2024,35562.71,0.66
01-07-2024,35281.27,-0.79
28-06-2024,34581.58,-1.98
27-06-2024,34534.33,-0.14
26-06-2024,35041.33,1.47
25-06-2024,34812.82,-0.65
24-06-2024,35320.75,1.46
21-06-2024,34472.8,-2.4
20-06-2024,34419.75,-0.15
19-06-2024,34043.55,-1.09
18-06-2024,33793.37,-0.73
17-06-2024,33579.38,-0.63
14-06-2024,33615.34,0.11
13-06-2024,33623.33,0.02
12-06-2024,33294.43,-0.98
11-06-2024,33103.15,-0.57
10-06-2024,33628.11,1.59
07-06-2024,33920.33,0.87
06-06-2024,33640.63,-0.82
05-06-2024,33568.19,-0.22
04-06-2024,33415.13,-0.46
03-06-2024,33689.55,0.82
31-05-2024,33427.74,-0.78
30-05-2024,33329.64,-0.29
29-05-2024,33288.76,-0.12
28-05-2024,33312.51,0.07
27-05-2024,33336.58,0.07
24-05-2024,33640.88,0.91
23-05-2024,34291.71,1.93
22-05-2024,34332.26,0.12
21-05-2024,34870.92,1.57
20-05-2024,33956.44,-2.62
17-05-2024,33840.98,-0.34
16-05-2024,33659.78,-0.54
15-05-2024,33275.02,-1.14
14-05-2024,33175.88,-0.3
13-05-2024,33495.91,0.96
10-05-2024,32617.32,-2.62
06-05-2024,32674.93,0.18
04-05-2024,32858.4,0.56
03-05-2024,32793.6,-0.2
02-05-2024,32524.71,-0.82
30-04-2024,33176.68,2.0
29-04-2024,33494.13,0.96
26-04-2024,33214.94,-0.83
25-04-2024,32996.77,-0.66
24-04-2024,32829.58,-0.51
23-04-2024,33835.57,3.06
22-04-2024,34190.71,1.05
19-04-2024,34232.34,0.12
18-04-2024,34546.96,0.92
17-04-2024,34183.67,-1.05
16-04-2024,33849.51,-0.98
15-04-2024,34485.11,1.88
12-04-2024,33616.18,-2.52
11-04-2024,33738.8,0.36
10-04-2024,33911.46,0.51
09-04-2024,33505.6,-1.2
08-04-2024,32872.01,-1.89
05-04-2024,32908.81,0.11
04-04-2024,32627.25,-0.86
03-04-2024,32583.3,-0.13
02-04-2024,31686.42,-2.75
01-04-2024,31702.03,0.05
29-03-2024,31799.24,0.31
28-03-2024,31684.62,-0.36
27-03-2024,31739.41,0.17
26-03-2024,31459.87,-0.88
20-03-2024,31242.86,-0.69
19-03-2024,31134.02,-0.35
18-03-2024,31301.18,0.54
15-03-2024,31333.71,0.1
14-03-2024,31255.18,-0.25
13-03-2024,31438.82,0.59
12-03-2024,31441.11,0.01
11-03-2024,31186.72,-0.81
07-03-2024,30608.53,-1.85
06-03-2024,30798.47,0.62
05-03-2024,30363.04,-1.41
04-03-2024,29731.3,-2.08
01-03-2024,29450.08,-0.95
29-02-2024,29386.28,-0.22
28-02-2024,29383.85,-0.01
27-02-2024,29441.6,0.2
26-02-2024,29207.11,-0.8
23-02-2024,29413.42,0.71
22-02-2024,29404.53,-0.03
21-02-2024,29514.99,0.38
20-02-2024,29239.19,-0.93
19-02-2024,28928.69,-1.06
16-02-2024,28766.27,-0.56
15-02-2024,28621.43,-0.5
14-02-2024,29183.79,1.96
13-02-2024,29026.37,-0.54
12-02-2024,29204.15,0.61
09-02-2024,29493.97,0.99
08-02-2024,29555.89,0.21
07-02-2024,29596.93,0.14
06-02-2024,29495.82,-0.34
05-02-2024,29801.72,1.04
02-02-2024,29455.36,-1.16
01-02-2024,29335.93,-0.41
31-01-2024,29348.25,0.04
30-01-2024,29330.06,-0.06
29-01-2024,29224.05,-0.36
26-01-2024,28940.67,-0.97
25-01-2024,29078.6,0.48
24-01-2024,29065.43,-0.05
23-01-2024,29191.01,0.43
22-01-2024,29365.08,0.6
19-01-2024,29228.63,-0.46
18-01-2024,29526.56,1.02
17-01-2024,29592.74,0.22
16-01-2024,29805.23,0.72
15-01-2024,29595.09,-0.71
12-01-2024,29600.29,0.02
11-01-2024,29678.79,0.27
10-01-2024,29696.65,0.06
09-01-2024,29562.46,-0.45
08-01-2024,29705.82,0.48
05-01-2024,30046.52,1.15
04-01-2024,30183.9,0.46
03-01-2024,30323.51,0.46
29-12-2023,30304.43,-0.06
28-12-2023,30192.91,-0.37
27-12-2023,30151.16,-0.14
26-12-2023,30244.34,0.31
25-12-2023,30380.49,0.45
22-12-2023,29889.09,-1.62
21-12-2023,29866.18,-0.08
20-12-2023,29832.93,-0.11
19-12-2023,29722.19,-0.37
15-12-2023,29797.21,0.25
14-12-2023,29031.24,-2.57
13-12-2023,29162.64,0.45
12-12-2023,29362.93,0.69
11-12-2023,29866.38,1.71
08-12-2023,30065.29,0.67
07-12-2023,29860.08,-0.68
06-12-2023,29993.81,0.45
05-12-2023,30650.54,2.19
04-12-2023,30247.41,-1.32
01-12-2023,30010.05,-0.78
30-11-2023,30073.19,0.21
29-11-2023,29723.58,-1.16
28-11-2023,29710.98,-0.04
27-11-2023,29705.91,-0.02
24-11-2023,29544.2,-0.54
23-11-2023,29373.38,-0.58
22-11-2023,29347.97,-0.09
21-11-2023,29387.12,0.13
20-11-2023,29641.29,0.86
17-11-2023,29181.24,-1.55
16-11-2023,29282.36,0.35
15-11-2023,29016.62,-0.91
14-11-2023,29020.5,0.01
13-11-2023,29386.4,1.26
10-11-2023,29295.0,-0.31
09-11-2023,29416.49,0.41
08-11-2023,29386.54,-0.1
07-11-2023,29545.07,0.54
06-11-2023,29737.22,0.65
03-11-2023,29901.28,0.55
02-11-2023,29963.0,0.21
01-11-2023,30164.24,0.67
31-10-2023,30283.54,0.4
30-10-2023,30053.5,-0.76
27-10-2023,30494.59,1.47
26-10-2023,30141.83,-1.16
24-10-2023,30492.39,1.16
23-10-2023,30560.92,0.22
20-10-2023,30034.67,-1.72
19-10-2023,29872.57,-0.54
18-10-2023,29505.27,-1.23
17-10-2023,29340.73,-0.56
16-10-2023,28937.64,-1.37
13-10-2023,28775.35,-0.56
12-10-2023,28664.92,-0.38
11-10-2023,28532.74,-0.46
10-10-2023,28407.89,-0.44
09-10-2023,28024.25,-1.35
06-10-2023,27979.31,-0.16
05-10-2023,27937.16,-0.15
04-10-2023,28053.33,0.42
03-10-2023,28172.59,0.43
02-10-2023,28550.44,1.34
29-09-2023,28775.37,0.79
28-09-2023,29421.62,2.25
27-09-2023,29320.09,-0.35
26-09-2023,29297.38,-0.08
25-09-2023,29431.65,0.46
22-09-2023,29432.77,0.0
21-09-2023,29366.03,-0.23
20-09-2023,29329.7,-0.12
19-09-2023,29066.81,-0.9
18-09-2023,28826.02,-0.83
15-09-2023,28573.94,-0.87
14-09-2023,28524.12,-0.17
13-09-2023,28410.12,-0.4
12-09-2023,28671.54,0.92
11-09-2023,28867.02,0.68
08-09-2023,28669.85,-0.68
07-09-2023,28533.76,-0.47
06-09-2023,28568.19,0.12
05-09-2023,28691.67,0.43
04-09-2023,28529.26,-0.57
01-09-2023,28734.06,0.72
31-08-2023,28756.66,0.08
28-08-2023,28374.22,-1.33
28-08-2023,28374.22,0.0
25-08-2023,28531.87,0.56
23-08-2023,27707.04,-2.89
22-08-2023,27487.85,-0.79
21-08-2023,28081.74,2.16
18-08-2023,28204.52,0.44
17-08-2023,27850.88,-1.25
16-08-2023,27497.4,-1.27
15-08-2023,27595.0,0.35
14-08-2023,27491.65,-0.37
11-08-2023,27472.88,-0.07
10-08-2023,27671.62,0.72
09-08-2023,27736.08,0.23
08-08-2023,27796.08,0.22
07-08-2023,27687.93,-0.39
04-08-2023,27712.01,0.09
03-08-2023,27810.52,0.36
02-08-2023,27997.9,0.67
01-08-2023,28045.49,0.17
31-07-2023,27943.59,-0.36
28-07-2023,28241.57,1.07
27-07-2023,28168.55,-0.26
26-07-2023,28090.02,-0.28
25-07-2023,28125.0,0.12
24-07-2023,28084.25,-0.14
21-07-2023,28285.14,0.72
20-07-2023,28154.01,-0.46
19-07-2023,28016.16,-0.49
18-07-2023,28055.29,0.14
17-07-2023,28084.9,0.11
14-07-2023,27935.35,-0.53
13-07-2023,27417.99,-1.85
12-07-2023,27459.22,0.15
11-07-2023,27535.04,0.28
10-07-2023,27335.92,-0.72
05-07-2023,27720.15,1.41
04-07-2023,27572.76,-0.53
03-07-2023,27499.24,-0.27
01-07-2023,27693.86,0.71
30-06-2023,27800.31,0.38
29-06-2023,27653.5,-0.53
27-06-2023,27934.6,1.02
26-06-2023,27586.8,-1.25
23-06-2023,27745.74,0.58
22-06-2023,27837.11,0.33
21-06-2023,28161.19,1.16
20-06-2023,28096.14,-0.23
19-06-2023,28478.79,1.36
16-06-2023,28103.4,-1.32
15-06-2023,28249.81,0.52
14-06-2023,28327.69,0.28
13-06-2023,28247.76,-0.28
12-06-2023,28131.81,-0.41
09-06-2023,27850.08,-1.0
08-06-2023,28189.66,1.22
07-06-2023,28240.0,0.18
06-06-2023,28023.21,-0.77
05-06-2023,28527.03,1.8
02-06-2023,28258.27,-0.94
01-06-2023,28224.71,-0.12
31-05-2023,28022.03,-0.72
30-05-2023,27914.34,-0.38
29-05-2023,27991.59,0.28
26-05-2023,28178.88,0.67
25-05-2023,28246.65,0.24
24-05-2023,27831.48,-1.47
23-05-2023,28352.83,1.87
22-05-2023,28330.46,-0.08
19-05-2023,28550.7,0.78
18-05-2023,28709.71,0.56
17-05-2023,29022.68,1.09
16-05-2023,29188.13,0.57
15-05-2023,28773.18,-1.42
12-05-2023,28931.77,0.55
11-05-2023,28982.84,0.18
10-05-2023,28998.66,0.05
05-05-2023,29148.92,0.52
04-05-2023,28695.14,-1.56
03-05-2023,28605.2,-0.31
02-05-2023,28901.47,1.04
28-04-2023,29300.52,1.38
27-04-2023,29174.51,-0.43
26-04-2023,29116.38,-0.2
25-04-2023,29140.14,0.08
24-04-2023,29224.97,0.29
21-04-2023,29210.53,-0.05
20-04-2023,28912.0,-1.02
19-04-2023,28989.82,0.27
18-04-2023,28974.72,-0.05
17-04-2023,29467.81,1.7
14-04-2023,29318.63,-0.51
13-04-2023,29256.26,-0.21
12-04-2023,28881.44,-1.28
11-04-2023,28814.91,-0.23
10-04-2023,28861.61,0.16
07-04-2023,29010.78,0.52
06-04-2023,29049.6,0.13
05-04-2023,28639.99,-1.41
04-04-2023,28454.19,-0.65
03-04-2023,28737.74,1.0
31-03-2023,28350.76,-1.35
30-03-2023,28339.84,-0.04
29-03-2023,28523.56,0.65
28-03-2023,28919.59,1.39
27-03-2023,29347.83,1.48
24-03-2023,29396.71,0.17
20-03-2023,28605.79,-2.69
17-03-2023,28766.18,0.56
16-03-2023,28482.02,-0.99
15-03-2023,28012.38,-1.65
14-03-2023,27632.92,-1.35
13-03-2023,26310.6,-4.79
10-03-2023,25776.4,-2.03
09-03-2023,25568.87,-0.81
07-03-2023,25767.9,0.78
06-03-2023,25578.48,-0.74
03-03-2023,25658.71,0.31
02-03-2023,26061.67,1.57
01-03-2023,25946.4,-0.44
28-02-2023,26123.02,0.68
27-02-2023,26257.65,0.52
24-02-2023,26386.2,0.49
23-02-2023,26325.63,-0.23
22-02-2023,26266.05,-0.23
21-02-2023,26544.02,1.06
20-02-2023,26058.1,-1.83
17-02-2023,26232.65,0.67
16-02-2023,26395.07,0.62
15-02-2023,26987.39,2.24
14-02-2023,27033.67,0.17
13-02-2023,27016.84,-0.06
10-02-2023,27374.54,1.32
09-02-2023,27552.02,0.65
08-02-2023,27530.33,-0.08
07-02-2023,27569.3,0.14
06-02-2023,28167.2,2.17
03-02-2023,28906.66,2.63
02-02-2023,28532.22,-1.3
01-02-2023,28207.9,-1.14
31-01-2023,28490.41,1.0
30-01-2023,28544.21,0.19
27-01-2023,28724.12,0.63
26-01-2023,28569.36,-0.54
25-01-2023,28756.61,0.66
24-01-2023,28628.42,-0.45
23-01-2023,28683.07,0.19
20-01-2023,28380.55,-1.05
19-01-2023,28537.3,0.55
18-01-2023,28423.45,-0.4
17-01-2023,28488.7,0.23
16-01-2023,28299.84,-0.66
13-01-2023,28006.01,-1.04
12-01-2023,28000.1,-0.02
11-01-2023,27843.91,-0.56
10-01-2023,27862.28,0.07
09-01-2023,27326.28,-1.92
06-01-2023,27716.74,1.43
05-01-2023,27793.84,0.28
04-01-2023,27295.53,-1.79
30-12-2022,26757.56,-1.97
29-12-2022,26731.3,-0.1
28-12-2022,26618.19,-0.42
27-12-2022,26645.93,0.1
26-12-2022,26696.21,0.19
23-12-2022,27252.97,2.09
22-12-2022,27419.85,0.61
21-12-2022,27247.86,-0.63
20-12-2022,27044.99,-0.74
19-12-2022,26817.17,-0.84
15-12-2022,27237.4,1.57
14-12-2022,26937.83,-1.1
13-12-2022,27053.46,0.43
12-12-2022,27217.12,0.6
09-12-2022,27058.69,-0.58
08-12-2022,26975.82,-0.31
07-12-2022,26929.67,-0.17
06-12-2022,27066.27,0.51
05-12-2022,27151.81,0.32
02-12-2022,26802.59,-1.29
01-12-2022,26527.58,-1.03
30-11-2022,26436.23,-0.34
29-11-2022,26525.0,0.34
28-11-2022,26237.17,-1.09
25-11-2022,26294.77,0.22
24-11-2022,25818.49,-1.81
23-11-2022,25991.44,0.67
22-11-2022,25926.84,-0.25
21-11-2022,26045.03,0.46
18-11-2022,26042.64,-0.01
17-11-2022,26335.09,1.12
16-11-2022,26309.06,-0.1
15-11-2022,25975.36,-1.27
14-11-2022,26213.54,0.92
11-11-2022,25742.02,-1.8
10-11-2022,25523.95,-0.85
09-11-2022,24925.44,-2.34
08-11-2022,25082.26,0.63
07-11-2022,24620.56,-1.84
04-11-2022,24155.93,-1.89
03-11-2022,24527.63,1.54
02-11-2022,24770.6,0.99
01-11-2022,24677.48,-0.38
31-10-2022,24762.5,0.34
28-10-2022,24885.75,0.5
27-10-2022,25318.12,1.74
26-10-2022,24979.62,-1.34
22-10-2022,24579.67,-1.6
21-10-2022,24588.2,0.03
20-10-2022,24799.23,0.86
19-10-2022,25119.89,1.29
18-10-2022,25209.44,0.36
17-10-2022,25377.37,0.67
14-10-2022,25834.16,1.8
13-10-2022,25694.09,-0.54
12-10-2022,25411.57,-1.1
11-10-2022,25569.56,0.62
10-10-2022,25974.47,1.58
07-10-2022,25861.26,-0.44
05-10-2022,25973.98,0.44
04-10-2022,25390.31,-2.25
03-10-2022,25637.54,0.97
30-09-2022,25246.28,-1.53
29-09-2022,24940.91,-1.21
28-09-2022,25137.13,0.79
27-09-2022,25277.83,0.56
26-09-2022,25609.11,1.31
23-09-2022,25869.93,1.02
22-09-2022,25718.51,-0.59
21-09-2022,25646.32,-0.28
20-09-2022,25552.44,-0.37
19-09-2022,25529.97,-0.09
16-09-2022,25749.76,0.86
15-09-2022,25960.05,0.82
14-09-2022,26288.76,1.27
13-09-2022,26199.35,-0.34
12-09-2022,26281.69,0.31
09-09-2022,26407.03,0.48
08-09-2022,25934.69,-1.79
07-09-2022,26013.33,0.3
06-09-2022,26013.78,0.0
05-09-2022,25928.26,-0.33
02-09-2022,25857.55,-0.27
01-09-2022,25997.49,0.54
31-08-2022,26096.29,0.38
27-08-2022,26599.65,1.93
26-08-2022,26350.88,-0.94
25-08-2022,26022.46,-1.25
24-08-2022,26309.74,1.1
23-08-2022,26406.37,0.37
22-08-2022,26850.19,1.68
19-08-2022,27016.9,0.62
18-08-2022,27154.91,0.51
17-08-2022,27214.89,0.22
16-08-2022,27273.18,0.21
15-08-2022,27370.58,0.36
12-08-2022,27485.22,0.42
11-08-2022,27563.19,0.28
10-08-2022,27540.49,-0.08
09-08-2022,27210.27,-1.2
08-08-2022,27457.73,0.91
05-08-2022,27218.84,-0.87
04-08-2022,27050.95,-0.62
03-08-2022,27120.06,0.26
02-08-2022,27237.29,0.43
01-08-2022,26979.41,-0.95
29-07-2022,26885.65,-0.35
28-07-2022,26613.48,-1.01
27-07-2022,26531.94,-0.31
26-07-2022,26500.88,-0.12
25-07-2022,26836.0,1.26
22-07-2022,26138.06,-2.6
21-07-2022,26496.3,1.37
20-07-2022,26454.68,-0.16
19-07-2022,26831.63,1.42
18-07-2022,26294.61,-2.0
15-07-2022,26395.41,0.38
14-07-2022,26453.66,0.22
13-07-2022,26395.98,-0.22
12-07-2022,25965.92,-1.63
11-07-2022,26523.07,2.15
08-07-2022,26750.84,0.86
07-07-2022,26653.55,-0.36
05-07-2022,26966.77,1.18
04-07-2022,26928.28,-0.14
01-07-2022,27424.86,1.84
30-06-2022,27091.99,-1.21
29-06-2022,26788.11,-1.12
29-06-2022,26788.11,0.0
28-06-2022,27239.69,1.69
27-06-2022,27652.82,1.52
24-06-2022,27368.42,-1.03
23-06-2022,26678.54,-2.52
22-06-2022,26447.96,-0.86
21-06-2022,26239.2,-0.79
20-06-2022,26577.17,1.29
17-06-2022,26037.49,-2.03
16-06-2022,25698.85,-1.3
15-06-2022,25558.73,-0.55
14-06-2022,26026.94,1.83
13-06-2022,25825.35,-0.77
10-06-2022,25833.69,0.03
09-06-2022,25758.13,-0.29
08-06-2022,25496.65,-1.02
07-06-2022,25708.57,0.83
06-06-2022,25409.99,-1.16
03-06-2022,25458.81,0.19
02-06-2022,24978.79,-1.89
01-06-2022,24722.77,-1.02
31-05-2022,25520.3,3.23
30-05-2022,25896.88,1.48
27-05-2022,25034.88,-3.33
26-05-2022,24811.66,-0.89
25-05-2022,24912.61,0.41
24-05-2022,25464.33,2.21
23-05-2022,25229.15,-0.92
20-05-2022,25320.66,0.36
19-05-2022,25297.71,-0.09
18-05-2022,25436.44,0.55
17-05-2022,24939.9,-1.95
16-05-2022,25092.56,0.61
13-05-2022,25869.52,3.1
12-05-2022,26350.85,1.86
11-05-2022,26012.9,-1.28
06-05-2022,26066.75,0.21
05-05-2022,26245.99,0.69
04-05-2022,26380.43,0.51
03-05-2022,27489.49,4.2
29-04-2022,27252.45,-0.86
28-04-2022,27405.75,0.56
27-04-2022,27754.1,1.27
26-04-2022,27652.1,-0.37
25-04-2022,27721.29,0.25
22-04-2022,27780.81,0.21
21-04-2022,27803.02,0.08
20-04-2022,28179.23,1.35
19-04-2022,28500.81,1.14
18-04-2022,28780.85,0.98
15-04-2022,28395.64,-1.34
14-04-2022,28588.39,0.68
13-04-2022,28216.22,-1.3
12-04-2022,28281.82,0.23
11-04-2022,27747.19,-1.89
08-04-2022,28420.2,2.43
07-04-2022,28666.33,0.87
06-04-2022,28715.82,0.17
05-04-2022,29291.12,2.0
04-04-2022,29373.69,0.28
01-04-2022,28846.52,-1.79
31-03-2022,28252.02,-2.06
30-03-2022,28957.47,2.5
29-03-2022,30016.33,3.66
28-03-2022,31086.5,3.57
25-03-2022,30995.16,-0.29
24-03-2022,31384.3,1.26
18-03-2022,31591.97,0.66
17-03-2022,31396.12,-0.62
16-03-2022,31761.29,1.16
15-03-2022,32271.97,1.61
14-03-2022,32704.15,1.34
11-03-2022,32742.38,0.12
10-03-2022,33074.97,1.02
09-03-2022,32476.21,-1.81
05-03-2022,31197.31,-3.94
04-03-2022,30631.9,-1.81
03-03-2022,30368.57,-0.86
02-03-2022,30115.59,-0.83
01-03-2022,30290.3,0.58
28-02-2022,28715.32,-5.2
25-02-2022,29489.67,2.7
24-02-2022,26647.76,-9.64
23-02-2022,26404.57,-0.91
22-02-2022,26115.28,-1.1
21-02-2022,25984.83,-0.5
18-02-2022,25991.45,0.03
17-02-2022,25507.97,-1.86
16-02-2022,25696.53,0.74
15-02-2022,25738.44,0.16
14-02-2022,25194.74,-2.11
11-02-2022,25081.44,-0.45
10-02-2022,25056.28,-0.1
09-02-2022,25087.18,0.12
08-02-2022,25118.6,0.13
07-02-2022,25256.76,0.55
04-02-2022,25185.31,-0.28
03-02-2022,25150.44,-0.14
02-02-2022,25192.92,0.17
01-02-2022,24956.22,-0.94
31-01-2022,24969.64,0.05
28-01-2022,25354.62,1.54
27-01-2022,25767.03,1.63
26-01-2022,25684.42,-0.32
25-01-2022,25669.98,-0.06
24-01-2022,25658.94,-0.04
21-01-2022,25642.43,-0.06
20-01-2022,25388.4,-0.99
19-01-2022,25270.94,-0.46
18-01-2022,25429.87,0.63
17-01-2022,25475.84,0.18
14-01-2022,25410.56,-0.26
13-01-2022,25332.15,-0.31
12-01-2022,25061.62,-1.07
11-01-2022,24997.06,-0.26
10-01-2022,24881.14,-0.46
05-01-2022,25114.48,0.94
31-12-2021,24970.91,-0.57
30-12-2021,24940.48,-0.12
29-12-2021,24759.58,-0.73
28-12-2021,24784.27,0.1
27-12-2021,24822.75,0.16
24-12-2021,25186.64,1.47
23-12-2021,25025.3,-0.64
22-12-2021,25167.38,0.57
21-12-2021,25215.69,0.19
20-12-2021,25310.31,0.38
15-12-2021,24918.02,-1.55
14-12-2021,24872.22,-0.18
13-12-2021,24746.86,-0.5
10-12-2021,24849.56,0.42
09-12-2021,25000.31,0.61
08-12-2021,24866.54,-0.54
07-12-2021,24960.48,0.38
06-12-2021,24876.97,-0.33
03-12-2021,24877.57,0.0
02-12-2021,24941.17,0.26
30-11-2021,25031.39,0.36
29-11-2021,25082.42,0.2
26-11-2021,24746.2,-1.34
25-11-2021,24741.94,-0.02
24-11-2021,24971.59,0.93
23-11-2021,25546.4,2.3
22-11-2021,25759.26,0.83
19-11-2021,25816.79,0.22
18-11-2021,25736.95,-0.31
17-11-2021,25864.26,0.49
16-11-2021,25766.1,-0.38
15-11-2021,25551.53,-0.83
12-11-2021,25661.36,0.43
11-11-2021,25142.18,-2.02
10-11-2021,25176.25,0.14
09-11-2021,25055.79,-0.48
08-11-2021,24780.29,-1.1
05-11-2021,24553.33,-0.92
04-11-2021,24541.52,-0.05
03-11-2021,24628.36,0.35
02-11-2021,24572.94,-0.23
01-11-2021,24666.62,0.38
29-10-2021,24719.31,0.21
28-10-2021,24432.57,-1.16
27-10-2021,24649.09,0.89
26-10-2021,24588.44,-0.25
25-10-2021,24566.17,-0.09
22-10-2021,24435.21,-0.53
21-10-2021,24351.07,-0.34
20-10-2021,24379.06,0.11
19-10-2021,24103.2,-1.13
18-10-2021,24386.53,1.18
15-10-2021,24600.87,0.88
14-10-2021,24215.9,-1.56
13-10-2021,24048.9,-0.69
12-10-2021,23920.48,-0.53
11-10-2021,24003.86,0.35
08-10-2021,24077.57,0.31
07-10-2021,23878.09,-0.83
06-10-2021,24001.08,0.52
05-10-2021,23975.7,-0.11
04-10-2021,24041.69,0.28
01-10-2021,23690.77,-1.46
30-09-2021,23835.54,0.61
29-09-2021,23709.73,-0.53
28-09-2021,23841.46,0.56
27-09-2021,23920.98,0.33
24-09-2021,24200.89,1.17
23-09-2021,24301.31,0.41
22-09-2021,24185.17,-0.48
21-09-2021,24051.06,-0.55
20-09-2021,24149.14,0.41
17-09-2021,24337.27,0.78
16-09-2021,24694.95,1.47
15-09-2021,24487.39,-0.84
14-09-2021,24486.21,-0.0
13-09-2021,24681.91,0.8
10-09-2021,24597.01,-0.34
09-09-2021,24647.08,0.2
08-09-2021,24769.57,0.5
07-09-2021,24995.09,0.91
06-09-2021,24751.23,-0.98
03-09-2021,24880.53,0.52
02-09-2021,24823.74,-0.23
01-09-2021,24814.63,-0.04
31-08-2021,24576.55,-0.96
27-08-2021,24395.18,-0.74
26-08-2021,24506.75,0.46
25-08-2021,24614.18,0.44
24-08-2021,24473.77,-0.57
23-08-2021,24472.98,-0.0
20-08-2021,24529.52,0.23
19-08-2021,24465.49,-0.26
18-08-2021,24514.02,0.2
17-08-2021,24297.08,-0.88
16-08-2021,24025.69,-1.12
13-08-2021,23944.38,-0.34
12-08-2021,23722.61,-0.93
11-08-2021,23678.84,-0.18
10-08-2021,23873.24,0.82
09-08-2021,24548.47,2.83
06-08-2021,24755.93,0.85
05-08-2021,24708.33,-0.19
04-08-2021,24655.13,-0.22
03-08-2021,24667.1,0.05
02-08-2021,24948.41,1.14
30-07-2021,24832.42,-0.46
29-07-2021,24564.93,-1.08
28-07-2021,24519.98,-0.18
27-07-2021,24683.43,0.67
26-07-2021,24618.45,-0.26
23-07-2021,24600.82,-0.07
22-07-2021,24880.31,1.14
21-07-2021,24932.2,0.21
19-07-2021,24982.04,0.2
16-07-2021,25127.4,0.58
15-07-2021,24809.19,-1.27
14-07-2021,24790.35,-0.08
13-07-2021,24790.98,0.0
12-07-2021,24893.42,0.41
09-07-2021,25014.74,0.49
08-07-2021,24818.72,-0.78
07-07-2021,24701.32,-0.47
03-07-2021,24453.58,-1.0
02-07-2021,24299.94,-0.63
01-07-2021,24182.02,-0.49
30-06-2021,24338.67,0.65
29-06-2021,24286.25,-0.22
28-06-2021,24477.67,0.79
25-06-2021,24439.81,-0.15
24-06-2021,24453.95,0.06
23-06-2021,24369.23,-0.35
22-06-2021,24483.31,0.47
21-06-2021,24653.29,0.69
18-06-2021,24790.37,0.56
17-06-2021,25426.84,2.57
16-06-2021,25587.02,0.63
15-06-2021,25519.97,-0.26
14-06-2021,25982.51,1.81
11-06-2021,25868.86,-0.44
10-06-2021,25935.78,0.26
09-06-2021,26025.25,0.34
08-06-2021,25825.98,-0.77
07-06-2021,25735.0,-0.35
04-06-2021,26036.36,1.17
03-06-2021,26097.1,0.23
02-06-2021,26215.37,0.45
01-06-2021,26083.69,-0.5
31-05-2021,26035.01,-0.19
28-05-2021,26106.12,0.27
27-05-2021,26154.57,0.19
26-05-2021,25816.3,-1.29
25-05-2021,25801.09,-0.06
24-05-2021,25889.36,0.34
21-05-2021,25795.95,-0.36
20-05-2021,25567.06,-0.89
19-05-2021,25579.32,0.05
18-05-2021,25400.57,-0.7
17-05-2021,25271.77,-0.51
14-05-2021,24939.46,-1.31
13-05-2021,25121.64,0.73
12-05-2021,25234.07,0.45
11-05-2021,25179.3,-0.22
06-05-2021,24401.15,-3.09
05-05-2021,24618.65,0.89
04-05-2021,24382.26,-0.96
30-04-2021,24405.84,0.1
29-04-2021,24351.06,-0.22
28-04-2021,24587.41,0.97
27-04-2021,24594.76,0.03
26-04-2021,24723.35,0.52
23-04-2021,24813.17,0.36
22-04-2021,24737.79,-0.3
21-04-2021,24394.1,-1.39
20-04-2021,24763.98,1.52
19-04-2021,24443.0,-1.3
16-04-2021,24180.4,-1.07
15-04-2021,24156.3,-0.1
14-04-2021,24087.91,-0.28
13-04-2021,24266.99,0.74
12-04-2021,24342.12,0.31
09-04-2021,24271.16,-0.29
08-04-2021,24042.87,-0.94
07-04-2021,23881.37,-0.67
06-04-2021,23577.34,-1.27
05-04-2021,23547.0,-0.13
02-04-2021,23550.86,0.02
01-04-2021,23022.78,-2.24
31-03-2021,23147.82,0.54
30-03-2021,23481.34,1.44
29-03-2021,23569.46,0.38
26-03-2021,23536.73,-0.14
25-03-2021,23487.34,-0.21
19-03-2021,23369.82,-0.5
18-03-2021,23367.46,-0.01
17-03-2021,23332.75,-0.15
16-03-2021,23266.82,-0.28
15-03-2021,22933.12,-1.43
12-03-2021,23396.24,2.02
11-03-2021,23146.14,-1.07
10-03-2021,22982.07,-0.71
09-03-2021,22862.17,-0.52
05-03-2021,23061.1,0.87
04-03-2021,23313.68,1.1
03-03-2021,23376.6,0.27
02-03-2021,23471.67,0.41
01-03-2021,23665.59,0.83
26-02-2021,23897.95,0.98
25-02-2021,24146.46,1.04
24-02-2021,24139.87,-0.03
23-02-2021,24087.92,-0.22
22-02-2021,23835.74,-1.05
19-02-2021,23842.14,0.03
18-02-2021,23971.36,0.54
17-02-2021,24424.46,1.89
16-02-2021,24358.7,-0.27
15-02-2021,24482.39,0.51
12-02-2021,24726.94,1.0
11-02-2021,24764.66,0.15
10-02-2021,24801.56,0.15
09-02-2021,24394.55,-1.64
08-02-2021,24449.91,0.23
05-02-2021,24577.83,0.52
04-02-2021,24986.29,1.66
03-02-2021,25164.07,0.71
02-02-2021,25334.93,0.68
01-02-2021,25268.96,-0.26
29-01-2021,25043.65,-0.89
28-01-2021,25050.06,0.03
27-01-2021,25138.14,0.35
26-01-2021,25096.72,-0.16
25-01-2021,25011.27,-0.34
22-01-2021,25123.99,0.45
21-01-2021,24963.94,-0.64
20-01-2021,24906.92,-0.23
19-01-2021,24781.5,-0.5
18-01-2021,25005.7,0.9
15-01-2021,24847.11,-0.63
14-01-2021,24962.92,0.47
13-01-2021,25159.1,0.79
12-01-2021,24899.74,-1.03
11-01-2021,25475.58,2.31
08-01-2021,25740.38,1.04
06-01-2021,26333.69,2.3
05-01-2021,26128.69,-0.78
31-12-2020,25396.01,-2.8
30-12-2020,25332.78,-0.25
29-12-2020,25277.8,-0.22
28-12-2020,25255.53,-0.09
25-12-2020,25279.01,0.09
24-12-2020,25297.88,0.07
23-12-2020,25280.1,-0.07
22-12-2020,25218.23,-0.24
21-12-2020,25216.19,-0.01
20-12-2020,25372.66,0.62
15-12-2020,24499.23,-3.44
14-12-2020,24706.7,0.85
11-12-2020,24777.21,0.29
10-12-2020,25108.08,1.34
09-12-2020,25251.26,0.57
08-12-2020,24837.85,-1.64
07-12-2020,24883.36,0.18
04-12-2020,24945.18,0.25
03-12-2020,25074.43,0.52
02-12-2020,24546.29,-2.11
30-11-2020,24639.63,0.38
27-11-2020,24646.53,0.03
26-11-2020,24588.3,-0.24
25-11-2020,24812.83,0.91
24-11-2020,25502.44,2.78
23-11-2020,25695.09,0.76
20-11-2020,25557.59,-0.54
19-11-2020,25877.12,1.25
18-11-2020,25951.96,0.29
17-11-2020,26130.78,0.69
16-11-2020,25997.18,-0.51
13-11-2020,25764.11,-0.9
12-11-2020,25772.85,0.03
11-11-2020,25860.48,0.34
10-11-2020,27130.62,4.91
09-11-2020,27082.25,-0.18
06-11-2020,26631.91,-1.66
05-11-2020,26237.59,-1.48
04-11-2020,26466.66,0.87
03-11-2020,26361.81,-0.4
02-11-2020,26091.81,-1.02
30-10-2020,26081.68,-0.04
29-10-2020,26254.71,0.66
28-10-2020,26236.69,-0.07
27-10-2020,26264.21,0.1
26-10-2020,26285.32,0.08
23-10-2020,26418.76,0.51
22-10-2020,26401.43,-0.07
21-10-2020,26274.04,-0.48
20-10-2020,26275.22,0.0
19-10-2020,26260.89,-0.05
16-10-2020,26008.27,-0.96
15-10-2020,26149.18,0.54
14-10-2020,26488.64,1.3
13-10-2020,26406.34,-0.31
12-10-2020,26271.96,-0.51
09-10-2020,26044.81,-0.86
08-10-2020,26033.28,-0.04
07-10-2020,26406.77,1.43
06-10-2020,26311.18,-0.36
05-10-2020,26424.29,0.43
02-10-2020,26167.25,-0.97
01-10-2020,26147.87,-0.07
30-09-2020,25994.19,-0.59
29-09-2020,25490.86,-1.94
28-09-2020,25631.85,0.55
25-09-2020,25359.58,-1.06
24-09-2020,25790.02,1.7
23-09-2020,25906.8,0.45
22-09-2020,26171.63,1.02
21-09-2020,26443.37,1.04
18-09-2020,26324.28,-0.45
17-09-2020,26825.05,1.9
16-09-2020,26922.25,0.36
15-09-2020,26620.27,-1.12
14-09-2020,26650.43,0.11
11-09-2020,26615.77,-0.13
10-09-2020,26434.11,-0.68
09-09-2020,26153.05,-1.06
08-09-2020,26225.17,0.28
07-09-2020,26211.36,-0.05
04-09-2020,26143.5,-0.26
03-09-2020,26479.77,1.29
02-09-2020,26795.34,1.19
01-09-2020,26417.37,-1.41
28-08-2020,26149.06,-1.02
27-08-2020,25822.22,-1.25
26-08-2020,25881.72,0.23
25-08-2020,26265.82,1.48
24-08-2020,26014.12,-0.96
21-08-2020,25934.02,-0.31
20-08-2020,26789.81,3.3
19-08-2020,26954.97,0.62
18-08-2020,26211.58,-2.76
17-08-2020,26247.12,0.14
14-08-2020,25995.43,-0.96
13-08-2020,26016.03,0.08
12-08-2020,26831.69,3.14
11-08-2020,27305.46,1.77
10-08-2020,27715.79,1.5
07-08-2020,27529.99,-0.67
06-08-2020,27363.89,-0.6
05-08-2020,26538.06,-3.02
04-08-2020,26645.8,0.41
03-08-2020,26538.02,-0.4
30-07-2020,26169.65,-1.39
29-07-2020,25744.59,-1.62
28-07-2020,25841.99,0.38
27-07-2020,25213.4,-2.43
24-07-2020,24966.49,-0.98
23-07-2020,24529.26,-1.75
22-07-2020,24249.95,-1.14
21-07-2020,24142.4,-0.44
20-07-2020,23965.46,-0.73
17-07-2020,23927.13,-0.16
16-07-2020,23980.14,0.22
15-07-2020,23850.95,-0.54
14-07-2020,23929.86,0.33
13-07-2020,23951.09,0.09
10-07-2020,23932.15,-0.08
09-07-2020,23717.53,-0.9
08-07-2020,23358.06,-1.52
07-07-2020,23143.92,-0.92
03-07-2020,23115.22,-0.12
02-07-2020,23311.76,0.85
01-07-2020,22995.46,-1.36
30-06-2020,22965.1,-0.13
29-06-2020,22767.07,-0.86
26-06-2020,22817.89,0.22
25-06-2020,22922.24,0.46
24-06-2020,22661.56,-1.14
23-06-2020,22599.65,-0.27
22-06-2020,22440.3,-0.71
19-06-2020,22549.23,0.49
18-06-2020,22317.44,-1.03
17-06-2020,22431.59,0.51
16-06-2020,22275.61,-0.7
15-06-2020,22512.18,1.06
12-06-2020,22243.24,-1.19
11-06-2020,22051.94,-0.86
10-06-2020,21881.55,-0.77
09-06-2020,21613.29,-1.23
08-06-2020,21967.19,1.64
05-06-2020,21918.57,-0.22
04-06-2020,21954.11,0.16
03-06-2020,22512.74,2.54
02-06-2020,22790.27,1.23
01-06-2020,22832.62,0.19
29-05-2020,22857.49,0.11
28-05-2020,22592.08,-1.16
27-05-2020,22881.77,1.28
26-05-2020,23066.86,0.81
25-05-2020,23085.24,0.08
22-05-2020,23010.24,-0.32
21-05-2020,23364.21,1.54
20-05-2020,23158.81,-0.88
19-05-2020,23567.51,1.76
18-05-2020,23432.92,-0.57
15-05-2020,23309.53,-0.53
14-05-2020,23017.0,-1.25
13-05-2020,23010.98,-0.03
12-05-2020,22951.99,-0.26
11-05-2020,22852.32,-0.43
06-05-2020,23109.09,1.12
05-05-2020,23301.93,0.83
04-05-2020,22837.54,-1.99
30-04-2020,23552.78,3.13
29-04-2020,23677.88,0.53
28-04-2020,23783.74,0.45
27-04-2020,23933.9,0.63
24-04-2020,24007.48,0.31
23-04-2020,23857.43,-0.63
22-04-2020,23233.33,-2.62
21-04-2020,23157.62,-0.33
20-04-2020,23213.7,0.24
17-04-2020,23614.76,1.73
16-04-2020,23424.37,-0.81
15-04-2020,23477.49,0.23
14-04-2020,22836.78,-2.73
13-04-2020,23038.82,0.88
10-04-2020,23120.06,0.35
09-04-2020,23091.54,-0.12
08-04-2020,23223.83,0.57
07-04-2020,23099.79,-0.53
06-04-2020,22953.19,-0.63
03-04-2020,22853.11,-0.44
02-04-2020,22989.49,0.6
01-04-2020,23095.61,0.46
31-03-2020,23398.34,1.31
30-03-2020,23238.42,-0.68
27-03-2020,23234.12,-0.02
26-03-2020,23180.64,-0.23
20-03-2020,21351.12,-7.89
19-03-2020,21271.45,-0.37
18-03-2020,20631.9,-3.01
17-03-2020,21023.56,1.9
16-03-2020,20702.87,-1.53
13-03-2020,21007.82,1.47
12-03-2020,21091.61,0.4
11-03-2020,20973.62,-0.56
10-03-2020,20594.0,-1.81
06-03-2020,20155.44,-2.13
05-03-2020,20065.9,-0.44
04-03-2020,19549.41,-2.57
03-03-2020,19729.82,0.92
02-03-2020,19927.1,1.0
28-02-2020,20103.74,0.89
27-02-2020,20046.58,-0.28
26-02-2020,20055.98,0.05
25-02-2020,20360.65,1.52
24-02-2020,19742.45,-3.04
21-02-2020,19475.29,-1.35
20-02-2020,19513.14,0.19
19-02-2020,19242.13,-1.39
18-02-2020,19142.86,-0.52
17-02-2020,19116.3,-0.14
14-02-2020,19059.93,-0.29
13-02-2020,18950.01,-0.58
12-02-2020,19061.81,0.59
11-02-2020,19182.03,0.63
10-02-2020,19075.15,-0.56
07-02-2020,18994.24,-0.42
06-02-2020,18888.31,-0.56
05-02-2020,19172.05,1.5
04-02-2020,19322.25,0.78
03-02-2020,19263.88,-0.3
31-01-2020,19247.22,-0.09
30-01-2020,19138.21,-0.57
29-01-2020,19341.08,1.06
28-01-2020,19355.13,0.07
27-01-2020,19011.26,-1.78
24-01-2020,18879.35,-0.69
23-01-2020,18899.99,0.11
22-01-2020,18834.02,-0.35
21-01-2020,18844.76,0.06
20-01-2020,18841.55,-0.02
17-01-2020,18887.82,0.25
16-01-2020,18945.03,0.3
15-01-2020,18842.31,-0.54
14-01-2020,18844.37,0.01
13-01-2020,18795.65,-0.26
10-01-2020,18736.35,-0.32
09-01-2020,19247.03,2.73
08-01-2020,19198.81,-0.25
06-01-2020,19011.49,-0.98
05-01-2020,19033.88,0.12
