date,tonia,tonia-variability
10-10-25,16.07,
09-10-25,15.59,-2.99
08-10-25,15.53,-0.38
07-10-25,15.52,-0.06
06-10-25,15.56,0.26
03-10-25,15.72,1.03
02-10-25,15.73,0.06
01-10-25,15.86,0.83
30-09-25,15.7,-1.01
29-09-25,15.74,0.25
26-09-25,15.91,1.08
25-09-25,16.07,1.01
24-09-25,15.85,-1.37
23-09-25,15.77,-0.5
22-09-25,15.77,0.0
19-09-25,15.72,-0.32
18-09-25,15.63,-0.57
17-09-25,15.59,-0.26
16-09-25,15.78,1.22
15-09-25,15.75,-0.19
12-09-25,15.8,0.32
11-09-25,16.33,3.35
10-09-25,16.41,0.49
09-09-25,16.11,-1.83
08-09-25,15.9,-1.3
05-09-25,15.84,-0.38
04-09-25,15.83,-0.06
03-09-25,15.65,-1.14
02-09-25,15.69,0.26
29-08-25,15.66,-0.19
28-08-25,15.88,1.4
27-08-25,15.7,-1.13
26-08-25,15.55,-0.96
25-08-25,15.51,-0.26
22-08-25,15.5,-0.06
21-08-25,15.5,0.0
20-08-25,15.5,0.0
19-08-25,15.5,0.0
18-08-25,15.5,0.0
15-08-25,15.5,0.0
14-08-25,15.5,0.0
13-08-25,15.5,0.0
12-08-25,15.5,0.0
11-08-25,15.5,0.0
08-08-25,15.51,0.06
07-08-25,15.51,0.0
06-08-25,15.51,0.0
05-08-25,15.52,0.06
04-08-25,15.54,0.13
01-08-25,15.54,0.0
31-07-25,15.57,0.19
30-07-25,15.65,0.51
29-07-25,15.59,-0.38
28-07-25,15.64,0.32
25-07-25,15.65,0.06
24-07-25,15.62,-0.19
23-07-25,15.63,0.06
22-07-25,15.64,0.06
21-07-25,15.65,0.06
18-07-25,15.68,0.19
17-07-25,15.7,0.13
16-07-25,15.56,-0.89
15-07-25,15.51,-0.32
14-07-25,15.51,0.0
11-07-25,15.51,0.0
10-07-25,15.55,0.26
09-07-25,15.53,-0.13
08-07-25,15.51,-0.13
04-07-25,15.52,0.06
03-07-25,15.51,-0.06
02-07-25,15.52,0.06
01-07-25,15.54,0.13
30-06-25,15.5,-0.26
27-06-25,15.5,0.0
26-06-25,15.51,0.06
25-06-25,15.52,0.06
24-06-25,15.51,-0.06
23-06-25,15.51,0.0
20-06-25,15.52,0.06
19-06-25,15.52,0.0
18-06-25,15.59,0.45
17-06-25,15.67,0.51
16-06-25,15.62,-0.32
13-06-25,15.57,-0.32
12-06-25,15.55,-0.13
11-06-25,15.75,1.29
10-06-25,15.41,-2.16
09-06-25,14.96,-2.92
05-06-25,15.04,0.53
04-06-25,14.97,-0.47
03-06-25,15.17,1.34
02-06-25,15.5,2.18
30-05-25,15.42,-0.52
29-05-25,15.46,0.26
28-05-25,15.43,-0.19
27-05-25,15.69,1.69
26-05-25,16.01,2.04
23-05-25,16.0,-0.06
22-05-25,15.73,-1.69
21-05-25,15.65,-0.51
20-05-25,15.61,-0.26
19-05-25,15.82,1.35
16-05-25,15.99,1.07
15-05-25,15.75,-1.5
14-05-25,15.69,-0.38
13-05-25,15.53,-1.02
12-05-25,15.62,0.58
08-05-25,15.81,1.22
06-05-25,15.78,-0.19
05-05-25,15.78,0.0
02-05-25,15.64,-0.89
30-04-25,15.54,-0.64
29-04-25,15.6,0.39
28-04-25,15.73,0.83
25-04-25,15.85,0.76
24-04-25,16.09,1.51
23-04-25,16.01,-0.5
22-04-25,16.12,0.69
21-04-25,15.94,-1.12
18-04-25,15.63,-1.94
17-04-25,15.51,-0.77
16-04-25,15.64,0.84
15-04-25,15.64,0.0
14-04-25,15.75,0.7
11-04-25,15.91,1.02
10-04-25,15.9,-0.06
09-04-25,16.61,4.47
08-04-25,16.83,1.32
07-04-25,16.16,-3.98
04-04-25,15.84,-1.98
03-04-25,15.73,-0.69
02-04-25,16.02,1.84
01-04-25,16.82,4.99
31-03-25,16.66,-0.95
28-03-25,16.17,-2.94
27-03-25,15.82,-2.16
26-03-25,15.78,-0.25
20-03-25,16.07,1.84
19-03-25,16.06,-0.06
18-03-25,15.72,-2.12
17-03-25,15.63,-0.57
14-03-25,15.64,0.06
13-03-25,15.85,1.34
12-03-25,15.51,-2.15
11-03-25,15.58,0.45
07-03-25,14.65,-5.97
06-03-25,14.42,-1.57
05-03-25,14.69,1.87
04-03-25,14.53,-1.09
03-03-25,14.54,0.07
28-02-25,14.71,1.17
27-02-25,15.08,2.52
26-02-25,15.71,4.18
25-02-25,15.72,0.06
24-02-25,15.05,-4.26
21-02-25,14.76,-1.93
20-02-25,14.82,0.41
19-02-25,14.91,0.61
18-02-25,15.11,1.34
17-02-25,14.65,-3.04
14-02-25,14.75,0.68
13-02-25,14.63,-0.81
12-02-25,14.62,-0.07
11-02-25,14.63,0.07
10-02-25,14.68,0.34
07-02-25,14.87,1.29
06-02-25,14.79,-0.54
05-02-25,14.82,0.2
04-02-25,14.78,-0.27
03-02-25,14.62,-1.08
31-01-25,14.58,-0.27
30-01-25,14.41,-1.17
29-01-25,14.46,0.35
28-01-25,14.82,2.49
27-01-25,14.97,1.01
24-01-25,15.06,0.6
23-01-25,14.98,-0.53
22-01-25,14.84,-0.93
21-01-25,14.76,-0.54
20-01-25,14.83,0.47
17-01-25,14.99,1.08
16-01-25,14.71,-1.87
15-01-25,14.76,0.34
14-01-25,14.63,-0.88
13-01-25,14.83,1.37
10-01-25,15.93,7.42
09-01-25,14.68,-7.85
08-01-25,14.31,-2.52
06-01-25,14.3,-0.07
05-01-25,14.43,0.91
31-12-24,14.44,0.07
30-12-24,15.02,4.02
27-12-24,15.05,0.2
26-12-24,15.08,0.2
25-12-24,14.68,-2.65
24-12-24,14.87,1.29
23-12-24,14.92,0.34
20-12-24,14.91,-0.07
19-12-24,14.78,-0.87
18-12-24,14.73,-0.34
17-12-24,14.79,0.41
13-12-24,14.8,0.07
12-12-24,14.71,-0.61
11-12-24,14.78,0.48
10-12-24,14.89,0.74
09-12-24,15.02,0.87
06-12-24,14.82,-1.33
05-12-24,14.57,-1.69
04-12-24,14.62,0.34
03-12-24,14.78,1.09
02-12-24,14.9,0.81
29-11-24,14.96,0.4
28-11-24,14.02,-6.28
27-11-24,13.71,-2.21
26-11-24,13.69,-0.15
25-11-24,13.71,0.15
22-11-24,13.78,0.51
21-11-24,13.77,-0.07
20-11-24,13.61,-1.16
19-11-24,13.58,-0.22
18-11-24,13.65,0.52
15-11-24,13.65,0.0
14-11-24,13.67,0.15
13-11-24,13.82,1.1
12-11-24,13.81,-0.07
11-11-24,13.73,-0.58
08-11-24,13.6,-0.95
07-11-24,13.66,0.44
06-11-24,13.76,0.73
05-11-24,13.66,-0.73
04-11-24,13.63,-0.22
01-11-24,13.62,-0.07
31-10-24,13.67,0.37
30-10-24,13.58,-0.66
29-10-24,13.5,-0.59
28-10-24,13.77,2.0
24-10-24,13.81,0.29
23-10-24,13.79,-0.14
22-10-24,14.52,5.29
21-10-24,14.03,-3.37
18-10-24,13.77,-1.85
17-10-24,13.84,0.51
16-10-24,13.94,0.72
15-10-24,13.8,-1.0
14-10-24,13.79,-0.07
11-10-24,13.83,0.29
10-10-24,13.99,1.16
09-10-24,13.79,-1.43
08-10-24,14.1,2.25
07-10-24,13.85,-1.77
04-10-24,13.52,-2.38
03-10-24,13.33,-1.41
02-10-24,13.28,-0.38
01-10-24,13.23,-0.38
30-09-24,13.18,-0.38
27-09-24,13.39,1.59
26-09-24,14.06,5.0
25-09-24,14.44,2.7
24-09-24,14.17,-1.87
23-09-24,13.38,-5.58
20-09-24,13.26,-0.9
19-09-24,13.26,0.0
18-09-24,13.29,0.23
17-09-24,13.35,0.45
16-09-24,13.34,-0.07
13-09-24,13.22,-0.9
12-09-24,13.25,0.23
11-09-24,13.62,2.79
10-09-24,13.76,1.03
09-09-24,13.5,-1.89
06-09-24,13.25,-1.85
05-09-24,13.18,-0.53
04-09-24,13.04,-1.06
03-09-24,12.97,-0.54
02-09-24,13.07,0.77
29-08-24,13.29,1.68
28-08-24,13.24,-0.38
27-08-24,13.19,-0.38
26-08-24,13.14,-0.38
23-08-24,13.13,-0.08
22-08-24,13.12,-0.08
21-08-24,13.13,0.08
20-08-24,13.18,0.38
19-08-24,13.2,0.15
16-08-24,13.14,-0.45
15-08-24,13.03,-0.84
14-08-24,13.14,0.84
13-08-24,13.05,-0.68
12-08-24,12.99,-0.46
09-08-24,13.0,0.08
08-08-24,12.99,-0.08
07-08-24,13.0,0.08
06-08-24,12.99,-0.08
05-08-24,13.03,0.31
02-08-24,13.02,-0.08
01-08-24,13.42,3.07
31-07-24,13.75,2.46
30-07-24,13.42,-2.4
29-07-24,13.62,1.49
26-07-24,14.22,4.41
25-07-24,14.12,-0.7
24-07-24,13.42,-4.96
23-07-24,13.13,-2.16
22-07-24,13.16,0.23
19-07-24,13.13,-0.23
18-07-24,13.14,0.08
17-07-24,13.17,0.23
16-07-24,13.09,-0.61
15-07-24,13.03,-0.46
12-07-24,13.03,0.0
11-07-24,13.03,0.0
10-07-24,13.02,-0.08
09-07-24,13.13,0.84
05-07-24,13.07,-0.46
04-07-24,13.16,0.69
03-07-24,12.98,-1.37
02-07-24,12.97,-0.08
01-07-24,13.09,0.93
28-06-24,13.12,0.23
27-06-24,13.08,-0.3
26-06-24,13.25,1.3
25-06-24,14.37,8.45
24-06-24,15.08,4.94
21-06-24,14.45,-4.18
20-06-24,13.51,-6.51
19-06-24,13.38,-0.96
18-06-24,13.43,0.37
17-06-24,13.49,0.45
14-06-24,13.54,0.37
13-06-24,13.57,0.22
12-06-24,13.55,-0.15
11-06-24,13.61,0.44
10-06-24,13.62,0.07
07-06-24,13.94,2.35
06-06-24,13.61,-2.37
05-06-24,13.34,-1.98
04-06-24,13.14,-1.5
03-06-24,13.0,-1.07
31-05-24,13.06,0.46
30-05-24,13.15,0.69
29-05-24,13.47,2.43
28-05-24,13.17,-2.23
27-05-24,12.88,-2.2
24-05-24,13.0,0.93
23-05-24,13.07,0.54
22-05-24,13.04,-0.23
21-05-24,13.08,0.31
20-05-24,13.87,6.04
17-05-24,15.13,9.08
16-05-24,15.32,1.26
15-05-24,13.74,-10.31
14-05-24,13.68,-0.44
13-05-24,13.58,-0.73
10-05-24,13.65,0.52
06-05-24,13.85,1.47
04-05-24,13.4,-3.25
03-05-24,13.28,-0.9
02-05-24,13.72,3.31
30-04-24,14.23,3.72
29-04-24,15.21,6.89
26-04-24,15.08,-0.85
25-04-24,14.21,-5.77
24-04-24,13.98,-1.62
23-04-24,13.8,-1.29
22-04-24,13.81,0.07
19-04-24,13.66,-1.09
18-04-24,13.28,-2.78
17-04-24,13.48,1.51
16-04-24,13.44,-0.3
15-04-24,12.93,-3.79
12-04-24,12.92,-0.08
11-04-24,13.06,1.08
10-04-24,13.46,3.06
09-04-24,13.5,0.3
08-04-24,13.64,1.04
05-04-24,13.2,-3.23
04-04-24,13.24,0.3
03-04-24,13.52,2.11
02-04-24,13.83,2.29
01-04-24,14.0,1.23
29-03-24,13.91,-0.64
28-03-24,13.79,-0.86
27-03-24,13.74,-0.36
26-03-24,13.79,0.36
20-03-24,13.83,0.29
19-03-24,13.62,-1.52
18-03-24,13.48,-1.03
15-03-24,13.54,0.45
14-03-24,13.57,0.22
13-03-24,13.72,1.11
12-03-24,13.62,-0.73
11-03-24,13.58,-0.29
07-03-24,13.5,-0.59
06-03-24,13.51,0.07
05-03-24,13.55,0.3
04-03-24,13.88,2.44
01-03-24,14.11,1.66
29-02-24,15.03,6.52
28-02-24,15.31,1.86
27-02-24,15.61,1.96
26-02-24,15.41,-1.28
23-02-24,14.79,-4.02
22-02-24,14.49,-2.03
21-02-24,14.47,-0.14
20-02-24,14.29,-1.24
19-02-24,14.31,0.14
16-02-24,14.41,0.7
15-02-24,14.48,0.49
14-02-24,14.98,3.45
13-02-24,14.38,-4.01
12-02-24,14.14,-1.67
09-02-24,14.01,-0.92
08-02-24,14.04,0.21
07-02-24,14.07,0.21
06-02-24,14.14,0.5
05-02-24,14.12,-0.14
02-02-24,14.07,-0.35
01-02-24,14.21,1.0
31-01-24,14.32,0.77
30-01-24,14.51,1.33
29-01-24,14.96,3.1
26-01-24,15.01,0.33
25-01-24,15.1,0.6
24-01-24,14.61,-3.25
23-01-24,14.42,-1.3
22-01-24,15.01,4.09
19-01-24,15.31,2.0
18-01-24,15.54,1.5
17-01-24,14.82,-4.63
16-01-24,14.75,-0.47
15-01-24,14.75,0.0
12-01-24,14.75,0.0
11-01-24,14.75,0.0
10-01-24,14.65,-0.68
09-01-24,14.75,0.68
08-01-24,14.7,-0.34
05-01-24,14.69,-0.07
04-01-24,14.88,1.29
03-01-24,15.74,5.78
29-12-23,16.19,2.86
28-12-23,15.53,-4.08
27-12-23,15.35,-1.16
26-12-23,15.15,-1.3
25-12-23,14.76,-2.57
22-12-23,14.75,-0.07
21-12-23,14.75,0.0
20-12-23,14.75,0.0
19-12-23,14.75,0.0
15-12-23,14.75,0.0
14-12-23,14.75,0.0
13-12-23,14.77,0.14
12-12-23,14.79,0.14
11-12-23,14.8,0.07
08-12-23,14.8,0.0
07-12-23,14.85,0.34
06-12-23,14.88,0.2
05-12-23,15.12,1.61
04-12-23,15.88,5.03
01-12-23,16.33,2.83
30-11-23,16.56,1.41
29-11-23,16.46,-0.6
28-11-23,16.03,-2.61
27-11-23,15.4,-3.93
24-11-23,15.11,-1.88
23-11-23,15.11,0.0
22-11-23,15.08,-0.2
21-11-23,15.1,0.13
20-11-23,15.21,0.73
17-11-23,15.28,0.46
16-11-23,15.35,0.46
15-11-23,15.52,1.11
14-11-23,15.68,1.03
13-11-23,15.88,1.28
10-11-23,15.76,-0.76
09-11-23,15.88,0.76
08-11-23,15.91,0.19
07-11-23,15.99,0.5
06-11-23,15.97,-0.13
03-11-23,15.8,-1.06
02-11-23,15.75,-0.32
01-11-23,16.25,3.17
31-10-23,16.79,3.32
30-10-23,16.79,0.0
27-10-23,16.81,0.12
26-10-23,16.76,-0.3
24-10-23,16.71,-0.3
23-10-23,16.41,-1.8
20-10-23,16.27,-0.85
19-10-23,16.51,1.48
18-10-23,16.64,0.79
17-10-23,16.69,0.3
16-10-23,16.53,-0.96
13-10-23,16.44,-0.54
12-10-23,16.43,-0.06
11-10-23,16.04,-2.37
10-10-23,15.45,-3.68
09-10-23,15.19,-1.68
06-10-23,15.58,2.57
05-10-23,15.8,1.41
04-10-23,16.27,2.97
03-10-23,16.8,3.26
02-10-23,16.92,0.71
29-09-23,17.14,1.3
28-09-23,17.16,0.12
27-09-23,17.12,-0.23
26-09-23,17.13,0.06
25-09-23,17.06,-0.41
22-09-23,17.0,-0.35
21-09-23,16.93,-0.41
20-09-23,16.78,-0.89
19-09-23,16.68,-0.6
18-09-23,16.81,0.78
15-09-23,16.98,1.01
14-09-23,16.94,-0.24
13-09-23,17.0,0.35
12-09-23,16.64,-2.12
11-09-23,16.75,0.66
08-09-23,17.02,1.61
07-09-23,17.2,1.06
06-09-23,17.25,0.29
05-09-23,17.2,-0.29
04-09-23,17.11,-0.52
01-09-23,17.23,0.7
31-08-23,17.2,-0.17
29-08-23,17.13,-0.41
28-08-23,17.14,0.06
25-08-23,17.16,0.12
24-08-23,17.27,0.64
23-08-23,17.18,-0.52
22-08-23,17.39,1.22
21-08-23,17.25,-0.81
18-08-23,17.08,-0.99
17-08-23,17.03,-0.29
16-08-23,17.05,0.12
15-08-23,17.04,-0.06
14-08-23,17.08,0.23
11-08-23,17.34,1.52
10-08-23,17.16,-1.04
09-08-23,17.0,-0.93
08-08-23,16.76,-1.41
07-08-23,16.71,-0.3
04-08-23,16.93,1.32
03-08-23,16.99,0.35
02-08-23,16.93,-0.35
01-08-23,16.83,-0.59
31-07-23,17.0,1.01
28-07-23,16.9,-0.59
27-07-23,16.86,-0.24
26-07-23,16.76,-0.59
25-07-23,16.56,-1.19
24-07-23,16.71,0.91
21-07-23,16.66,-0.3
20-07-23,16.89,1.38
19-07-23,17.03,0.83
18-07-23,17.11,0.47
17-07-23,16.74,-2.16
14-07-23,16.2,-3.23
13-07-23,16.16,-0.25
12-07-23,16.18,0.12
11-07-23,16.36,1.11
10-07-23,16.81,2.75
05-07-23,17.33,3.09
04-07-23,17.62,1.67
03-07-23,17.58,-0.23
01-07-23,17.57,-0.06
30-06-23,17.61,0.23
29-06-23,17.45,-0.91
27-06-23,16.77,-3.9
26-06-23,16.28,-2.92
23-06-23,15.96,-1.97
22-06-23,15.86,-0.63
21-06-23,15.9,0.25
20-06-23,15.96,0.38
19-06-23,15.79,-1.07
16-06-23,15.77,-0.13
15-06-23,15.77,0.0
14-06-23,15.77,0.0
13-06-23,15.78,0.06
12-06-23,15.79,0.06
09-06-23,15.76,-0.19
08-06-23,15.76,0.0
07-06-23,15.79,0.19
06-06-23,15.89,0.63
05-06-23,16.11,1.38
02-06-23,16.33,1.37
01-06-23,16.95,3.8
31-05-23,17.59,3.78
30-05-23,17.65,0.34
29-05-23,17.72,0.4
26-05-23,17.69,-0.17
25-05-23,17.69,0.0
24-05-23,17.39,-1.7
23-05-23,16.93,-2.65
22-05-23,16.8,-0.77
19-05-23,15.93,-5.18
18-05-23,15.85,-0.5
17-05-23,15.85,0.0
16-05-23,15.84,-0.06
15-05-23,15.88,0.25
12-05-23,15.92,0.25
11-05-23,16.01,0.57
10-05-23,16.04,0.19
05-05-23,16.06,0.12
04-05-23,16.28,1.37
03-05-23,16.61,2.03
02-05-23,16.83,1.32
28-04-23,16.73,-0.59
27-04-23,16.74,0.06
26-04-23,17.48,4.42
25-04-23,17.72,1.37
24-04-23,17.71,-0.06
21-04-23,17.59,-0.68
20-04-23,17.6,0.06
19-04-23,17.53,-0.4
18-04-23,17.38,-0.86
17-04-23,16.65,-4.2
14-04-23,16.38,-1.62
13-04-23,16.4,0.12
12-04-23,16.31,-0.55
11-04-23,16.36,0.31
10-04-23,16.28,-0.49
07-04-23,16.28,0.0
06-04-23,16.77,3.01
05-04-23,17.11,2.03
04-04-23,16.72,-2.28
03-04-23,16.66,-0.36
31-03-23,17.11,2.7
30-03-23,16.58,-3.1
29-03-23,16.6,0.12
28-03-23,16.56,-0.24
27-03-23,16.63,0.42
24-03-23,16.43,-1.2
20-03-23,15.99,-2.68
17-03-23,15.85,-0.88
16-03-23,15.82,-0.19
15-03-23,15.8,-0.13
14-03-23,15.87,0.44
13-03-23,15.89,0.13
10-03-23,15.88,-0.06
09-03-23,16.31,2.71
07-03-23,17.18,5.33
06-03-23,17.59,2.39
03-03-23,17.58,-0.06
02-03-23,17.61,0.17
01-03-23,17.54,-0.4
28-02-23,17.53,-0.06
27-02-23,17.49,-0.23
24-02-23,17.24,-1.43
23-02-23,16.86,-2.2
22-02-23,16.29,-3.38
21-02-23,15.91,-2.33
20-02-23,15.77,-0.88
17-02-23,15.76,-0.06
16-02-23,15.75,-0.06
15-02-23,15.75,0.0
14-02-23,15.75,0.0
13-02-23,15.76,0.06
10-02-23,15.76,0.0
09-02-23,15.76,0.0
08-02-23,15.76,0.0
07-02-23,15.77,0.06
06-02-23,15.82,0.32
03-02-23,15.87,0.32
02-02-23,16.03,1.01
01-02-23,16.06,0.19
31-01-23,16.16,0.62
30-01-23,15.81,-2.17
27-01-23,15.76,-0.32
26-01-23,15.76,0.0
25-01-23,15.77,0.06
24-01-23,15.77,0.0
23-01-23,15.78,0.06
20-01-23,15.76,-0.13
19-01-23,15.76,0.0
18-01-23,15.76,0.0
17-01-23,15.76,0.0
16-01-23,15.78,0.13
13-01-23,15.76,-0.13
12-01-23,15.76,0.0
11-01-23,15.76,0.0
10-01-23,15.78,0.13
09-01-23,15.86,0.51
06-01-23,15.82,-0.25
05-01-23,15.9,0.51
04-01-23,16.1,1.26
30-12-22,17.63,9.5
29-12-22,17.39,-1.36
28-12-22,16.79,-3.45
27-12-22,16.6,-1.13
26-12-22,16.38,-1.33
23-12-22,15.99,-2.38
22-12-22,15.86,-0.81
21-12-22,15.89,0.19
20-12-22,15.82,-0.44
19-12-22,15.82,0.0
15-12-22,15.92,0.63
14-12-22,16.02,0.63
13-12-22,15.83,-1.19
12-12-22,15.86,0.19
09-12-22,15.88,0.13
08-12-22,16.05,1.07
07-12-22,16.27,1.37
06-12-22,16.37,0.61
05-12-22,16.04,-2.02
02-12-22,16.36,2.0
01-12-22,16.89,3.24
30-11-22,16.92,0.18
29-11-22,16.74,-1.06
28-11-22,16.78,0.24
25-11-22,16.75,-0.18
24-11-22,15.98,-4.6
23-11-22,15.25,-4.57
22-11-22,15.33,0.52
21-11-22,15.15,-1.17
18-11-22,15.03,-0.79
17-11-22,15.07,0.27
16-11-22,15.07,0.0
15-11-22,15.02,-0.33
14-11-22,15.04,0.13
11-11-22,15.06,0.13
10-11-22,15.01,-0.33
09-11-22,15.01,0.0
08-11-22,15.01,0.0
07-11-22,15.0,-0.07
04-11-22,15.01,0.07
03-11-22,15.09,0.53
02-11-22,15.14,0.33
01-11-22,15.23,0.59
31-10-22,15.41,1.18
28-10-22,15.42,0.06
27-10-22,15.76,2.2
26-10-22,14.64,-7.11
22-10-22,14.59,-0.34
21-10-22,14.54,-0.34
20-10-22,14.34,-1.38
19-10-22,14.27,-0.49
18-10-22,14.01,-1.82
17-10-22,14.09,0.57
14-10-22,14.15,0.43
13-10-22,14.25,0.71
12-10-22,14.19,-0.42
11-10-22,14.55,2.54
10-10-22,14.47,-0.55
07-10-22,14.88,2.83
06-10-22,14.79,-0.6
05-10-22,14.83,0.27
04-10-22,15.02,1.28
03-10-22,14.37,-4.33
30-09-22,14.68,2.16
29-09-22,14.25,-2.93
28-09-22,14.35,0.7
27-09-22,14.39,0.28
26-09-22,14.43,0.28
23-09-22,14.34,-0.62
22-09-22,14.37,0.21
21-09-22,14.65,1.95
20-09-22,14.68,0.2
19-09-22,14.46,-1.5
16-09-22,14.35,-0.76
15-09-22,13.98,-2.58
14-09-22,14.34,2.58
13-09-22,13.67,-4.67
12-09-22,13.54,-0.95
09-09-22,13.61,0.52
08-09-22,13.95,2.5
07-09-22,14.44,3.51
06-09-22,15.09,4.5
05-09-22,15.1,0.07
02-09-22,15.29,1.26
01-09-22,15.21,-0.52
31-08-22,15.13,-0.53
27-08-22,15.04,-0.59
26-08-22,15.25,1.4
25-08-22,14.97,-1.84
24-08-22,14.54,-2.87
23-08-22,13.54,-6.88
22-08-22,13.5,-0.3
19-08-22,13.5,0.0
18-08-22,13.5,0.0
17-08-22,13.5,0.0
16-08-22,13.5,0.0
15-08-22,13.5,0.0
12-08-22,13.5,0.0
11-08-22,13.5,0.0
10-08-22,13.5,0.0
09-08-22,13.5,0.0
08-08-22,13.5,0.0
05-08-22,13.5,0.0
04-08-22,13.5,0.0
03-08-22,13.49,-0.07
02-08-22,13.49,0.0
01-08-22,13.46,-0.22
29-07-22,13.49,0.22
28-07-22,13.5,0.07
27-07-22,13.5,0.0
26-07-22,13.5,0.0
25-07-22,13.0,-3.7
22-07-22,13.0,0.0
21-07-22,13.0,0.0
20-07-22,12.86,-1.08
19-07-22,13.0,1.09
18-07-22,13.0,0.0
15-07-22,13.0,0.0
14-07-22,13.0,0.0
13-07-22,13.0,0.0
12-07-22,12.98,-0.15
11-07-22,12.98,0.0
08-07-22,12.8,-1.39
07-07-22,12.98,1.41
05-07-22,13.01,0.23
04-07-22,13.05,0.31
01-07-22,13.06,0.08
30-06-22,13.39,2.53
29-06-22,13.22,-1.27
28-06-22,13.23,0.08
27-06-22,13.08,-1.13
24-06-22,13.07,-0.08
23-06-22,13.09,0.15
22-06-22,13.08,-0.08
21-06-22,13.11,0.23
20-06-22,13.42,2.36
17-06-22,13.07,-2.61
16-06-22,13.11,0.31
15-06-22,13.2,0.69
14-06-22,13.25,0.38
13-06-22,13.33,0.6
10-06-22,13.42,0.68
09-06-22,13.64,1.64
08-06-22,13.68,0.29
07-06-22,13.95,1.97
06-06-22,14.26,2.22
03-06-22,14.58,2.24
02-06-22,14.55,-0.21
01-06-22,14.88,2.27
31-05-22,14.89,0.07
30-05-22,14.79,-0.67
27-05-22,14.92,0.88
26-05-22,14.87,-0.34
25-05-22,14.89,0.13
24-05-22,14.85,-0.27
23-05-22,14.52,-2.22
20-05-22,14.16,-2.48
19-05-22,14.35,1.34
18-05-22,14.27,-0.56
17-05-22,14.11,-1.12
16-05-22,13.81,-2.13
13-05-22,13.51,-2.17
12-05-22,13.61,0.74
11-05-22,14.14,3.89
06-05-22,14.44,2.12
05-05-22,14.37,-0.48
04-05-22,14.44,0.49
03-05-22,14.46,0.14
29-04-22,14.53,0.48
28-04-22,14.42,-0.76
27-04-22,14.38,-0.28
26-04-22,14.43,0.35
25-04-22,13.98,-3.12
22-04-22,13.97,-0.07
21-04-22,14.05,0.57
20-04-22,13.99,-0.43
19-04-22,13.97,-0.14
18-04-22,13.95,-0.14
15-04-22,14.02,0.5
14-04-22,14.01,-0.07
13-04-22,14.03,0.14
12-04-22,14.15,0.86
11-04-22,13.61,-3.82
08-04-22,12.87,-5.44
07-04-22,12.7,-1.32
06-04-22,12.76,0.47
05-04-22,12.99,1.8
04-04-22,13.17,1.39
01-04-22,13.22,0.38
31-03-22,13.7,3.63
30-03-22,13.69,-0.07
29-03-22,13.83,1.02
28-03-22,13.84,0.07
25-03-22,14.01,1.23
24-03-22,14.07,0.43
18-03-22,14.35,1.99
17-03-22,14.26,-0.63
16-03-22,14.16,-0.7
15-03-22,14.16,0.0
14-03-22,13.88,-1.98
11-03-22,13.98,0.72
10-03-22,13.81,-1.22
09-03-22,13.83,0.14
05-03-22,14.16,2.39
04-03-22,14.21,0.35
03-03-22,14.45,1.69
02-03-22,14.46,0.07
01-03-22,14.45,-0.07
28-02-22,14.47,0.14
25-02-22,14.43,-0.28
24-02-22,14.42,-0.07
23-02-22,11.05,-23.37
22-02-22,11.05,0.0
21-02-22,10.24,-7.33
18-02-22,9.88,-3.52
17-02-22,9.86,-0.2
16-02-22,10.02,1.62
15-02-22,10.05,0.3
14-02-22,10.24,1.89
11-02-22,10.21,-0.29
10-02-22,10.09,-1.18
09-02-22,10.08,-0.1
08-02-22,9.92,-1.59
07-02-22,10.7,7.86
04-02-22,10.68,-0.19
03-02-22,11.03,3.28
02-02-22,11.08,0.45
01-02-22,11.03,-0.45
31-01-22,11.02,-0.09
28-01-22,10.99,-0.27
27-01-22,11.04,0.45
26-01-22,11.05,0.09
25-01-22,11.03,-0.18
24-01-22,10.51,-4.71
21-01-22,10.54,0.29
20-01-22,10.46,-0.76
19-01-22,10.15,-2.96
18-01-22,9.6,-5.42
17-01-22,9.38,-2.29
14-01-22,9.47,0.96
13-01-22,9.62,1.58
12-01-22,9.71,0.94
11-01-22,9.99,2.88
10-01-22,10.35,3.6
05-01-22,9.97,-3.67
31-12-21,10.56,5.92
30-12-21,10.61,0.47
29-12-21,10.48,-1.23
28-12-21,10.15,-3.15
27-12-21,10.16,0.1
24-12-21,9.88,-2.76
23-12-21,10.11,2.33
22-12-21,10.36,2.47
21-12-21,10.62,2.51
20-12-21,10.59,-0.28
15-12-21,10.63,0.38
14-12-21,10.71,0.75
13-12-21,10.66,-0.47
10-12-21,10.69,0.28
09-12-21,10.66,-0.28
08-12-21,10.62,-0.38
07-12-21,10.62,0.0
06-12-21,10.67,0.47
03-12-21,10.64,-0.28
02-12-21,10.55,-0.85
30-11-21,10.57,0.19
29-11-21,10.25,-3.03
26-11-21,10.56,3.02
25-11-21,10.47,-0.85
24-11-21,10.39,-0.76
23-11-21,9.31,-10.39
22-11-21,8.96,-3.76
19-11-21,8.96,0.0
18-11-21,8.98,0.22
17-11-21,9.06,0.89
16-11-21,9.05,-0.11
15-11-21,9.08,0.33
12-11-21,9.25,1.87
11-11-21,9.0,-2.7
10-11-21,8.86,-1.56
09-11-21,8.79,-0.79
08-11-21,8.79,0.0
05-11-21,8.77,-0.23
04-11-21,8.78,0.11
03-11-21,8.87,1.03
02-11-21,9.44,6.43
01-11-21,9.7,2.75
29-10-21,10.4,7.22
28-10-21,10.0,-3.85
27-10-21,10.07,0.7
26-10-21,9.65,-4.17
25-10-21,8.99,-6.84
22-10-21,8.91,-0.89
21-10-21,8.87,-0.45
20-10-21,8.89,0.23
19-10-21,8.86,-0.34
18-10-21,8.88,0.23
15-10-21,8.91,0.34
14-10-21,8.92,0.11
13-10-21,8.87,-0.56
12-10-21,8.78,-1.01
11-10-21,8.71,-0.8
08-10-21,8.71,0.0
07-10-21,8.71,0.0
06-10-21,8.69,-0.23
05-10-21,8.61,-0.92
04-10-21,8.6,-0.12
01-10-21,8.68,0.93
30-09-21,8.98,3.46
29-09-21,9.35,4.12
28-09-21,9.75,4.28
27-09-21,9.96,2.15
24-09-21,9.89,-0.7
23-09-21,10.23,3.44
22-09-21,9.88,-3.42
21-09-21,8.87,-10.22
20-09-21,8.7,-1.92
17-09-21,8.63,-0.8
16-09-21,8.58,-0.58
15-09-21,8.54,-0.47
14-09-21,8.58,0.47
13-09-21,8.35,-2.68
10-09-21,8.32,-0.36
09-09-21,8.4,0.96
08-09-21,8.43,0.36
07-09-21,8.48,0.59
06-09-21,8.46,-0.24
03-09-21,8.54,0.95
02-09-21,8.57,0.35
01-09-21,8.74,1.98
31-08-21,9.31,6.52
27-08-21,9.76,4.83
26-08-21,9.76,0.0
25-08-21,9.73,-0.31
24-08-21,9.98,2.57
23-08-21,9.04,-9.42
20-08-21,8.86,-1.99
19-08-21,8.95,1.02
18-08-21,9.06,1.23
17-08-21,9.04,-0.22
16-08-21,9.05,0.11
13-08-21,9.11,0.66
12-08-21,8.89,-2.41
11-08-21,8.71,-2.02
10-08-21,8.6,-1.26
09-08-21,8.55,-0.58
06-08-21,8.52,-0.35
05-08-21,8.52,0.0
04-08-21,8.58,0.7
03-08-21,8.68,1.17
02-08-21,8.56,-1.38
30-07-21,8.74,2.1
29-07-21,8.51,-2.63
28-07-21,8.75,2.82
27-07-21,8.81,0.69
26-07-21,8.63,-2.04
23-07-21,8.35,-3.24
22-07-21,8.36,0.12
21-07-21,8.4,0.48
19-07-21,8.44,0.48
16-07-21,8.43,-0.12
15-07-21,8.36,-0.83
14-07-21,8.4,0.48
13-07-21,8.3,-1.19
12-07-21,8.28,-0.24
09-07-21,8.24,-0.48
08-07-21,8.27,0.36
07-07-21,8.3,0.36
03-07-21,8.39,1.08
02-07-21,8.37,-0.24
01-07-21,8.45,0.96
30-06-21,8.44,-0.12
29-06-21,8.5,0.71
28-06-21,8.47,-0.35
25-06-21,8.39,-0.94
24-06-21,8.41,0.24
23-06-21,8.45,0.48
22-06-21,8.41,-0.47
21-06-21,8.56,1.78
18-06-21,8.88,3.74
17-06-21,8.47,-4.62
16-06-21,8.19,-3.31
15-06-21,8.13,-0.73
14-06-21,8.14,0.12
11-06-21,8.12,-0.25
10-06-21,8.14,0.25
09-06-21,8.44,3.69
08-06-21,8.3,-1.66
07-06-21,8.32,0.24
04-06-21,8.28,-0.48
03-06-21,8.24,-0.48
02-06-21,8.13,-1.33
01-06-21,8.1,-0.37
31-05-21,8.11,0.12
28-05-21,8.14,0.37
27-05-21,8.14,0.0
26-05-21,8.17,0.37
25-05-21,8.23,0.73
24-05-21,8.23,0.0
21-05-21,8.03,-2.43
20-05-21,8.03,0.0
19-05-21,8.04,0.12
18-05-21,8.03,-0.12
17-05-21,8.04,0.12
14-05-21,8.04,0.0
13-05-21,8.06,0.25
12-05-21,8.04,-0.25
11-05-21,8.08,0.5
06-05-21,8.11,0.37
05-05-21,8.2,1.11
04-05-21,8.39,2.32
30-04-21,8.38,-0.12
29-04-21,8.44,0.72
28-04-21,8.48,0.47
27-04-21,8.58,1.18
26-04-21,8.51,-0.82
23-04-21,8.54,0.35
22-04-21,8.51,-0.35
21-04-21,8.67,1.88
20-04-21,8.76,1.04
19-04-21,8.81,0.57
16-04-21,9.14,3.75
15-04-21,9.49,3.83
14-04-21,9.51,0.21
13-04-21,9.12,-4.1
12-04-21,8.88,-2.63
09-04-21,8.43,-5.07
08-04-21,8.41,-0.24
07-04-21,8.41,0.0
06-04-21,8.38,-0.36
05-04-21,8.41,0.36
02-04-21,8.66,2.97
01-04-21,8.81,1.73
31-03-21,9.3,5.56
30-03-21,8.43,-9.35
29-03-21,8.45,0.24
26-03-21,8.58,1.54
25-03-21,8.97,4.55
19-03-21,9.55,6.47
18-03-21,9.7,1.57
17-03-21,9.47,-2.37
16-03-21,9.56,0.95
15-03-21,9.37,-1.99
12-03-21,9.18,-2.03
11-03-21,9.45,2.94
10-03-21,9.2,-2.65
09-03-21,9.02,-1.96
05-03-21,8.86,-1.77
04-03-21,9.11,2.82
03-03-21,8.96,-1.65
02-03-21,9.32,4.02
01-03-21,9.83,5.47
26-02-21,9.94,1.12
25-02-21,9.96,0.2
24-02-21,9.56,-4.02
23-02-21,8.91,-6.8
22-02-21,8.69,-2.47
19-02-21,8.44,-2.88
18-02-21,8.5,0.71
17-02-21,8.46,-0.47
16-02-21,8.49,0.35
15-02-21,8.49,0.0
12-02-21,8.56,0.82
11-02-21,8.64,0.93
10-02-21,8.53,-1.27
09-02-21,8.55,0.23
08-02-21,8.73,2.11
05-02-21,8.47,-2.98
04-02-21,8.5,0.35
03-02-21,8.27,-2.71
02-02-21,8.38,1.33
01-02-21,8.15,-2.74
29-01-21,8.25,1.23
28-01-21,8.28,0.36
27-01-21,8.3,0.24
26-01-21,8.25,-0.6
25-01-21,8.29,0.48
22-01-21,8.29,0.0
21-01-21,8.34,0.6
20-01-21,8.23,-1.32
19-01-21,8.13,-1.22
18-01-21,8.19,0.74
15-01-21,8.19,0.0
14-01-21,8.17,-0.24
13-01-21,8.16,-0.12
12-01-21,8.14,-0.25
11-01-21,8.18,0.49
08-01-21,8.16,-0.24
06-01-21,8.14,-0.25
05-01-21,8.27,1.6
31-12-20,8.25,-0.24
30-12-20,8.45,2.42
29-12-20,8.58,1.54
28-12-20,8.62,0.47
25-12-20,8.79,1.97
24-12-20,8.53,-2.96
23-12-20,8.39,-1.64
22-12-20,8.32,-0.83
21-12-20,8.36,0.48
20-12-20,8.51,1.79
15-12-20,8.57,0.71
14-12-20,8.01,-6.53
11-12-20,8.26,3.12
10-12-20,7.96,-3.63
09-12-20,7.96,0.0
08-12-20,7.9,-0.75
07-12-20,8.3,5.06
04-12-20,8.39,1.08
03-12-20,8.64,2.98
02-12-20,8.97,3.82
30-11-20,9.9,10.37
27-11-20,10.25,3.54
26-11-20,10.24,-0.1
25-11-20,10.18,-0.59
24-11-20,9.39,-7.76
23-11-20,9.07,-3.41
20-11-20,9.49,4.63
19-11-20,9.93,4.64
18-11-20,9.69,-2.42
17-11-20,8.6,-11.25
16-11-20,8.37,-2.67
13-11-20,8.09,-3.35
12-11-20,7.91,-2.22
11-11-20,8.12,2.65
10-11-20,8.04,-0.99
09-11-20,8.16,1.49
06-11-20,8.28,1.47
05-11-20,8.11,-2.05
04-11-20,8.11,0.0
03-11-20,8.0,-1.36
02-11-20,8.37,4.62
30-10-20,8.6,2.75
29-10-20,8.7,1.16
28-10-20,9.12,4.83
27-10-20,9.33,2.3
26-10-20,9.61,3.0
23-10-20,9.76,1.56
22-10-20,9.83,0.72
21-10-20,9.74,-0.92
20-10-20,9.46,-2.87
19-10-20,8.86,-6.34
16-10-20,8.13,-8.24
15-10-20,8.03,-1.23
14-10-20,8.26,2.86
13-10-20,8.06,-2.42
12-10-20,8.06,0.0
09-10-20,8.27,2.61
08-10-20,8.75,5.8
07-10-20,9.01,2.97
06-10-20,9.19,2.0
05-10-20,9.25,0.65
02-10-20,9.39,1.51
01-10-20,9.58,2.02
30-09-20,9.63,0.52
29-09-20,9.92,3.01
28-09-20,10.14,2.22
25-09-20,9.08,-10.45
24-09-20,9.22,1.54
23-09-20,8.8,-4.56
22-09-20,9.05,2.84
21-09-20,9.33,3.09
18-09-20,8.62,-7.61
17-09-20,8.56,-0.7
16-09-20,8.07,-5.72
15-09-20,7.92,-1.86
14-09-20,7.96,0.51
11-09-20,8.0,0.5
10-09-20,7.8,-2.5
09-09-20,7.81,0.13
08-09-20,7.79,-0.26
07-09-20,7.82,0.39
04-09-20,7.85,0.38
03-09-20,7.83,-0.25
02-09-20,8.12,3.7
01-09-20,8.53,5.05
28-08-20,9.59,12.43
27-08-20,10.31,7.51
26-08-20,10.39,0.78
25-08-20,10.27,-1.15
24-08-20,9.39,-8.57
21-08-20,8.79,-6.39
20-08-20,9.14,3.98
19-08-20,9.28,1.53
18-08-20,9.03,-2.69
17-08-20,8.78,-2.77
14-08-20,9.03,2.85
13-08-20,9.28,2.77
12-08-20,8.28,-10.78
11-08-20,8.11,-2.05
10-08-20,7.64,-5.8
07-08-20,7.65,0.13
06-08-20,7.69,0.52
05-08-20,7.61,-1.04
04-08-20,7.7,1.18
03-08-20,8.18,6.23
30-07-20,8.41,2.81
29-07-20,8.13,-3.33
28-07-20,8.12,-0.12
27-07-20,7.61,-6.28
24-07-20,7.7,1.18
23-07-20,7.97,3.51
22-07-20,8.21,3.01
21-07-20,8.98,9.38
20-07-20,10.07,12.14
17-07-20,10.5,4.27
16-07-20,10.6,0.95
15-07-20,10.09,-4.81
14-07-20,7.76,-23.09
13-07-20,7.75,-0.13
10-07-20,7.7,-0.65
09-07-20,7.85,1.95
08-07-20,7.83,-0.25
07-07-20,7.9,0.89
03-07-20,8.31,5.19
02-07-20,8.2,-1.32
01-07-20,8.37,2.07
30-06-20,8.25,-1.43
29-06-20,7.98,-3.27
26-06-20,8.36,4.76
25-06-20,8.07,-3.47
24-06-20,8.2,1.61
23-06-20,8.23,0.37
22-06-20,9.14,11.06
19-06-20,9.77,6.89
18-06-20,9.73,-0.41
17-06-20,9.56,-1.75
16-06-20,8.97,-6.17
15-06-20,8.31,-7.36
12-06-20,8.46,1.81
11-06-20,7.97,-5.79
10-06-20,8.02,0.63
09-06-20,8.06,0.5
08-06-20,8.11,0.62
05-06-20,8.16,0.62
04-06-20,8.12,-0.49
03-06-20,8.33,2.59
02-06-20,8.12,-2.52
01-06-20,8.11,-0.12
29-05-20,8.53,5.18
28-05-20,8.65,1.41
27-05-20,9.65,11.56
26-05-20,9.34,-3.21
25-05-20,9.09,-2.68
22-05-20,10.35,13.86
21-05-20,8.21,-20.68
20-05-20,8.39,2.19
19-05-20,8.22,-2.03
18-05-20,8.13,-1.09
15-05-20,8.84,8.73
14-05-20,7.77,-12.1
13-05-20,7.64,-1.67
12-05-20,7.73,1.18
11-05-20,7.78,0.65
06-05-20,7.95,2.19
05-05-20,7.66,-3.65
04-05-20,7.82,2.09
30-04-20,7.89,0.9
29-04-20,8.26,4.69
28-04-20,8.88,7.51
27-04-20,9.93,11.82
24-04-20,11.24,13.19
23-04-20,10.92,-2.85
22-04-20,10.86,-0.55
21-04-20,9.04,-16.76
20-04-20,8.55,-5.42
17-04-20,8.11,-5.15
16-04-20,8.03,-0.99
15-04-20,7.81,-2.74
14-04-20,7.93,1.54
13-04-20,8.46,6.68
10-04-20,8.35,-1.3
09-04-20,8.27,-0.96
08-04-20,7.73,-6.53
07-04-20,8.78,13.58
06-04-20,8.74,-0.46
03-04-20,11.58,32.49
02-04-20,12.37,6.82
01-04-20,13.35,7.92
31-03-20,13.25,-0.75
30-03-20,12.93,-2.42
27-03-20,13.32,3.02
26-03-20,13.45,0.98
20-03-20,13.46,0.07
19-03-20,13.48,0.15
18-03-20,13.46,-0.15
17-03-20,13.48,0.15
16-03-20,13.47,-0.07
13-03-20,13.41,-0.45
12-03-20,13.48,0.52
11-03-20,13.47,-0.07
10-03-20,13.42,-0.37
06-03-20,8.68,-35.32
05-03-20,8.88,2.3
04-03-20,9.64,8.56
03-03-20,10.23,6.12
02-03-20,10.19,-0.39
28-02-20,10.24,0.49
27-02-20,10.2,-0.39
26-02-20,10.24,0.39
25-02-20,10.24,0.0
24-02-20,10.23,-0.1
21-02-20,9.82,-4.01
20-02-20,8.99,-8.45
19-02-20,8.9,-1.0
18-02-20,8.79,-1.24
17-02-20,8.81,0.23
14-02-20,8.7,-1.25
13-02-20,8.66,-0.46
12-02-20,8.6,-0.69
11-02-20,8.71,1.28
10-02-20,8.84,1.49
07-02-20,8.92,0.9
06-02-20,8.76,-1.79
05-02-20,8.7,-0.68
04-02-20,8.89,2.18
03-02-20,8.98,1.01
31-01-20,9.14,1.78
30-01-20,9.03,-1.2
29-01-20,9.23,2.21
28-01-20,9.3,0.76
27-01-20,9.13,-1.83
24-01-20,8.79,-3.72
23-01-20,8.44,-3.98
22-01-20,8.37,-0.83
21-01-20,8.38,0.12
20-01-20,8.38,0.0
17-01-20,8.38,0.0
16-01-20,8.45,0.84
15-01-20,8.45,0.0
14-01-20,8.43,-0.24
13-01-20,8.44,0.12
10-01-20,8.44,0.0
09-01-20,8.33,-1.3
08-01-20,8.0,-3.96
06-01-20,8.38,4.75
05-01-20,8.73,4.18
